"Store","Date","#","Type","Status","#Missing Defaults","External Id","External Num"
"Uptown","6/29/26 11:10 am","2","Pickup","made","11","903fcbc5-21dc-4af4-b89b-704ac1570621","e4918e6c"
"Uptown","7/10/26 7:14 pm","200","Pickup","made","10","ef75f7ad-5819-4058-8cba-33301ddd828a","46acdd0d"
"Ocean Shore","7/4/26 12:00 pm","9","Pickup","made","9","4bb7aebf-6b2a-43e4-9d1a-9614a0b3d20c","e4850414"
"Uptown","6/10/26 5:15 pm","77","Pickup","made","8","910fcb87-c668-496f-b08b-2464aa9a935e","0099bd04"
"Uptown","6/25/26 5:12 pm","83","Pickup","made","8","86656bc9-9e15-4992-926f-4482e7418f27","c54e10b1"
"Port Orange","6/7/26 7:36 pm","151","Pickup","made","7","aebc1244-398a-4d05-80be-a4a1461f163c","eab4d27d"
"St Johns","6/5/26 5:47 pm","113","Pickup","made","7","22092ee8-45eb-447d-a810-5d63f6ec26a7","a1c99f92"
"Uptown","6/19/26 5:39 pm","145","Pickup","made","7","c6b6f808-b898-4d38-9def-5315f7b8cfb6","c4bf198a"
"Uptown","6/15/26 5:52 pm","84","Pickup","made","7","49789dce-f7cb-45ad-84f7-d93297251916","7d0d0059"
"St Johns","6/18/26 11:00 am","1","Pickup","made","6","62234460-f0af-4ae3-bef5-210f2edd54fb","49dfd2bb"
"St Johns","6/20/26 7:26 pm","198","Pickup","made","6","5c39d011-a5a6-4e10-8f19-ab00fe749a92","0260ddb7"
"St Johns","6/14/26 3:19 pm","46","Pickup","made","6","be620375-43cc-4608-8e3b-32695b7b7129","9537d000"
"Ponte Vedra Beach","6/13/26 12:07 pm","8","Pickup","made","6","aae27177-c0b7-467f-b363-43d687914d32","cc59c060"
"Ocean Shore","7/5/26 4:31 pm","94","Pickup","made","6","36310f5b-1c43-4be0-bcfd-445c816bda61","6569106d"
"Ormond Beach","6/3/26 6:56 pm","103","Pickup","made","6","b92810db-b404-4719-be45-cf88bbc7cc7b","6ababed6"
"St Johns","7/8/26 6:04 pm","89","Pickup","made","5","8ef6bba7-4b06-48ab-a308-aa41facb8f67","1cb5c7c0"
"Lake Mary","7/1/26 7:44 pm","164","Pickup","made","5","b6698f4a-f951-4680-a615-c1d662f0e565","8a2b994e"
"Uptown","6/19/26 5:13 pm","120","Pickup","made","5","e66f2679-b48a-4217-98e8-fe953a7db6fa","c336a985"
"Uptown","6/15/26 4:11 pm","45","Pickup","made","5","f87b034a-4124-40e8-a552-da7972e49b6d","9e872af8"
"St Johns","6/13/26 4:00 pm","54","Pickup","made","5","bbe4876c-d8e4-4ea3-adc1-67cf8f8131c1","38db9dc0"
"Uptown","7/13/26 5:03 pm","90","Pickup","made","5","f588546f-3256-4e87-be7d-5ec11350bf42","74b09297"
"State Highway Palm Coast","7/10/26 5:44 pm","91","Pickup","made","5","101f9258-c61b-42b2-8b33-74ab8636ab8e","c17301f6"
"State Highway Palm Coast","6/26/26 6:25 pm","123","Pickup","made","5","bfd7397c-fa87-46f7-975c-f658bf88d4ef","dfe40fa4"
"State Highway Palm Coast","6/26/26 6:02 pm","114","Pickup","made","5","cf22f04a-d669-4975-9c84-da1413ebe354","fc4f0e8a"
"State Highway Palm Coast","6/26/26 5:37 pm","106","Pickup","made","5","8d8f1a26-80f4-403e-999d-1978d76dcd70","42c14884"
"Port Orange","6/13/26 5:55 pm","97","Pickup","made","5","bbd1ce88-2678-4c35-957c-68f136c6c6a5","03582c2a"
"Ormond Beach","6/10/26 6:09 pm","93","Pickup","made","5","a8c4afd2-603e-4751-8d1c-c3cf40c2b6ed","da66bb49"
"Ocean Shore","7/3/26 6:26 pm","189","Pickup","made","5","6d445b1a-3530-414b-b732-d8f3ca6172d5","5b660712"
"Ocean Shore","6/4/26 7:40 pm","181","Pickup","made","5","1413aed7-ec9b-433e-9dab-4aca1f1662dd","799f81b3"
"St Johns","6/3/26 3:20 pm","39","Pickup","made","4","cb1f0691-29b7-4505-8166-7930e719996f","7ad68adc"
"Lake Mary","6/27/26 4:02 pm","87","Pickup","made","4","b78082f5-b80b-426d-881c-f45d90564033","cabd3927"
"Lake Mary","7/12/26 4:36 pm","117","Pickup","made","4","a88770ff-1fb8-43d3-8657-a7ee43ddabda","786f5615"
"Nocatee Ponte Vedra","7/2/26 7:12 pm","7","Pickup","made","4","fe526e86-e8b3-46bf-ad7d-61f35c14d554","da03013c"
"Ocean Shore","7/1/26 7:47 pm","182","Pickup","made","4","272e9fb7-4762-483a-bb50-a58306e60989","d1243bfc"
"State Highway Palm Coast","6/20/26 8:23 pm","171","Pickup","made","4","14d7edde-6010-405e-9844-2153a4843d23","ab6e0a26"
"Jacksonville","6/20/26 4:42 pm","70","Pickup","made","4","0cde936c-4b0e-4633-a03d-b64ba5d22fc2","476fbd68"
"State Highway Palm Coast","6/18/26 6:09 pm","105","Pickup","made","4","779f810e-80bf-449f-9a58-038b126895d8","b98e8157"
"Jacksonville","6/20/26 6:32 pm","125","Pickup","made","4","49386b42-5fe7-4064-b321-b14a2d82b606","2920ac98"
"State Highway Palm Coast","6/4/26 7:54 pm","127","Pickup","made","4","6e5605ed-c1e9-4704-b616-c417910bbe6b","ff87286b"
"Port Orange","7/11/26 2:47 pm","38","Pickup","made","4","15012918-84e9-4373-bbad-f708b8129779","44f23600"
"Port Orange","7/1/26 8:43 pm","141","Pickup","made","4","c477eadd-1161-4792-a68a-fbfac2fcb0a1","3aac3c5a"
"Uptown","6/12/26 5:28 pm","96","Pickup","made","4","b88a4b43-495b-4898-9ac2-8667466d47f0","5c935a18"
"Port Orange","6/18/26 5:24 pm","72","Pickup","made","4","a6f32a0a-c3bc-4e03-8491-1e32bf9799f5","7b73b3b0"
"Ocean Shore","6/30/26 6:46 pm","119","Pickup","made","4","601b9324-873a-4f70-b923-0d3358923dfc","270b2e43"
"Jacksonville","6/23/26 6:56 pm","80","Pickup","made","4","b138d2fd-855d-4cc5-badf-d2e4331279b5","1893e07b"
"Uptown","6/26/26 3:48 pm","69","Pickup","made","4","9aa507b7-75bc-4578-8f35-3d2fc95ea97c","9c513e1e"
"Port Orange","6/5/26 7:09 pm","170","Pickup","made","4","9c678594-ad9f-461a-82ed-ea834f27ee96","ac8cdae0"
"Port Orange","6/2/26 5:01 pm","59","Pickup","made","4","b2a03a10-2d71-447d-b9bd-cfaffc228b68","4e232f8e"
"Ponte Vedra Beach","7/11/26 5:05 pm","54","Pickup","made","4","641e4754-d345-457c-9a4d-03b13f1d60fe","e44a59ea"
"Ponte Vedra Beach","7/4/26 7:45 pm","104","Pickup","made","4","c6f8903f-3161-43ef-874d-a32df5e44cfe","ea04ec7b"
"Uptown","6/26/26 4:39 pm","84","Pickup","made","4","b449acc8-8003-49c7-826b-8f3e5e604c1e","7cf4af89"
"Ponte Vedra Beach","7/3/26 7:32 pm","138","Pickup","made","4","60fb761f-35ff-4d31-a94d-63ef7e7ace90","9ce1bfb8"
"Uptown","6/27/26 5:54 pm","149","Pickup","made","4","2ec03b0f-dc49-4e3f-8766-4520ac7ee53a","4f6f2088"
"Ormond Beach","6/13/26 5:48 pm","80","Pickup","made","4","19a6b7ca-b8be-4a69-ae3a-43c104d990f4","74f1d52b"
"St Johns","6/26/26 6:43 pm","200","Pickup","made","4","2f617b8b-99db-4e9b-a423-86a12ba2f741","f2c99f31"
"St Johns","7/5/26 2:09 pm","32","Pickup","made","4","7ac3e573-bb7e-4e22-910d-1dbd7e94e968","7ea196f9"
"St Johns","7/7/26 8:28 pm","119","Pickup","made","4","9ca0a6df-225f-42f3-98ab-cc64ef57b847","72c0d9a4"
"Jacksonville","6/8/26 5:22 pm","54","Pickup","made","4","74a12a60-e537-4fd9-87d3-ead6be306596","5a97a0bb"
"Nocatee Ponte Vedra","6/21/26 5:13 pm","93","Pickup","made","4","076019ba-a262-4d8b-ad53-7dca0f389456","7eb57d9c"
"Jacksonville","7/5/26 5:49 pm","93","Pickup","made","4","dacf1838-979b-4d48-a6ff-ff443e8b23aa","fedba4f4"
"St Johns","6/11/26 3:15 pm","30","Pickup","made","4","b840064f-a88e-48c5-ab00-93debba94543","204e0bf7"
"Lake Mary","6/15/26 1:20 pm","45","Pickup","made","4","6c77406b-a95c-402a-8a5f-5abc381b8ea5","48306ec6"
"Uptown","7/11/26 9:19 pm","73","Pickup","made","4","299ad32d-9a12-44ed-b4cf-ebec36384717","f80cf60f"
"Uptown","6/2/26 2:15 pm","45","Pickup","made","4","af7f36ab-0db7-4a0c-bfae-14c3eb6aca04","699ae404"
"Uptown","7/13/26 7:06 pm","144","Pickup","made","3","c78bc5ce-ed05-45dd-9f3a-1ca81ac7a415","11b6f7bb"
"Jacksonville","6/12/26 6:42 pm","154","Pickup","made","3","8ae600ad-af2d-4850-998a-f1d7af9676e9","82087704"
"Jacksonville","6/13/26 6:07 pm","107","Pickup","made","3","890189e5-1a62-433b-a08b-20886526b5a9","32fff857"
"Jacksonville","6/22/26 3:59 pm","23","Pickup","made","3","d3b8ed6b-7fe3-4154-b97b-fe0c2038c3fd","bbf0c47e"
"Jacksonville","6/28/26 4:08 pm","45","Pickup","made","3","41cf3de0-03fb-4be4-9438-2d85fcff61a5","f59506d3"
"Jacksonville","7/11/26 4:48 pm","60","Pickup","canceled","3","59fe67be-3fc5-4278-97f9-0c890942fe03","c050d827"
"Jacksonville","7/11/26 4:52 pm","62","Pickup","made","3","b0e1fc5c-9963-4ca2-9e96-fd5146f778d2","a7c03dcb"
"Jacksonville","7/11/26 5:20 pm","70","Pickup","made","3","5beff57b-7a55-4231-82ad-4a52b8d28be5","81e8bce3"
"Jacksonville","7/11/26 6:02 pm","91","Pickup","made","3","ae7ea453-f06e-4250-9605-1335cb62942e","2d5fe661"
"Lake Mary","6/6/26 8:14 pm","38","Pickup","made","3","d07c3944-36bf-4b93-b7f4-0d17dd6fa61c","29f47cec"
"Lake Mary","6/21/26 6:00 pm","2","Pickup","made","3","34645455-6037-4f7a-9684-4056d60496b3","d99f0377"
"Lake Mary","6/24/26 5:07 pm","80","Pickup","made","3","4825e1e3-0814-4ff5-b76d-f1d1f87cabd9","2b8822c1"
"Lake Mary","6/26/26 6:58 pm","38","Pickup","made","3","49e7f3f3-532c-420a-8113-d8ae0b14eeb7","7ce957e8"
"Lake Mary","7/8/26 5:27 pm","109","Pickup","made","3","2066423e-8516-4f3d-89e0-684a0536978a","68c8fb92"
"Lake Mary","7/12/26 2:28 pm","62","Pickup","made","3","d016df6b-9527-406f-91e2-a52df3654aa3","c8563425"
"Nocatee Ponte Vedra","6/5/26 6:32 pm","45","Pickup","made","3","6b73ab41-b102-459b-b622-fa01c7500e9a","8262c4aa"
"Nocatee Ponte Vedra","6/6/26 7:21 pm","181","Pickup","made","3","6f894556-b3c6-4d8f-a27d-362d86b41739","784fefd5"
"Nocatee Ponte Vedra","6/7/26 4:40 pm","73","Pickup","made","3","d4c0d3f8-ee64-4273-b101-2b67e41632f2","39300f10"
"Nocatee Ponte Vedra","6/12/26 6:59 pm","52","Pickup","made","3","0f3743f1-599e-4de6-aba6-4c61d55ca812","58d6cf46"
"Nocatee Ponte Vedra","6/30/26 6:05 pm","107","Pickup","made","3","27cd6347-f4ad-4f84-b07c-71e21f7c93e9","559b161b"
"Ocean Shore","6/5/26 5:06 pm","81","Pickup","made","3","d219a7cc-7c59-40b6-8327-3ae8576902f9","b83c1715"
"Ocean Shore","6/14/26 7:29 pm","188","Pickup","made","3","bdb3c219-a5a0-40e3-ab29-1b362684da63","a9805a2b"
"Ocean Shore","6/27/26 3:52 pm","67","Pickup","made","3","69996c77-3333-4230-837a-02d9e09d57bf","6133b111"
"Ocean Shore","7/3/26 5:27 pm","134","Pickup","made","3","d75ea0f6-0fe8-4ee2-8156-07a4bae40f11","2a2abeb8"
"Ocean Shore","7/6/26 11:53 am","7","Pickup","made","3","8c79cb52-79ab-49f5-a3b9-13cfd9f173bc","d64f5433"
"Ormond Beach","6/5/26 4:57 pm","91","Pickup","made","3","fc23300b-4f42-4f9f-bada-135041db5ced","5f9d3dd4"
"Ormond Beach","6/6/26 1:22 pm","17","Pickup","made","3","61e29896-1567-4a4e-b9e5-f4826c626fbd","f5741aa1"
"Ormond Beach","6/12/26 4:23 pm","63","Pickup","made","3","1f87e9ae-2181-4d56-8f61-2977ff077327","11550677"
"Palencia","6/12/26 11:34 am","5","Pickup","made","3","2cd34feb-d494-458c-baab-9beb69b7a4bc","417c5591"
"Palencia","6/17/26 7:18 pm","104","Pickup","made","3","82c796d2-5794-4e19-9101-d68ac674adb4","02c4f2e8"
"Palencia","6/26/26 4:30 pm","49","Pickup","made","3","ab1be7a3-6de5-4a85-8fbd-b24d71ea996d","8e1f9d14"
"Palencia","7/13/26 3:35 pm","34","Pickup","made","3","3b8555c4-8d4c-48af-b1b1-226484500d5e","96122c54"
"Ponte Vedra Beach","6/12/26 5:14 pm","55","Pickup","made","3","1c395fa7-dbeb-4de5-8b99-e3132ede1624","b5250cb0"
"Ponte Vedra Beach","6/15/26 5:01 pm","30","Pickup","made","3","9b80d69a-21b6-4d59-9cb4-63ac49e6311c","711390cc"
"Ponte Vedra Beach","7/3/26 8:24 pm","155","Pickup","made","3","39d10ef3-0e89-4a87-b7b8-552de996e27e","8bd1ac7a"
"Ponte Vedra Beach","7/5/26 6:08 pm","76","Pickup","made","3","53efda24-ff5d-4ffe-8e88-4188a7ce43d4","8d933f0c"
"Ponte Vedra Beach","7/6/26 6:46 pm","59","Pickup","made","3","f4dfea75-c0b4-48b8-ae33-86a09e2435d5","3da38e03"
"Ponte Vedra Beach","7/8/26 6:26 pm","61","Pickup","made","3","f9fa8b35-42ca-43bd-ad27-3b00ddf39d07","92d9ba0a"
"Ponte Vedra Beach","7/8/26 7:13 pm","83","Pickup","made","3","ed35e19b-c08f-48b1-9295-c60450e0f8f5","b74e082f"
"Port Orange","6/9/26 3:43 pm","37","Pickup","made","3","fd7cc43a-79ac-4b48-95d3-f52765bd2d25","5e7b0275"
"Port Orange","6/29/26 4:46 pm","53","Pickup","made","3","b66b570b-0cdc-4538-b4e4-65cddf12816a","bda3957a"
"Port Orange","7/8/26 8:00 pm","118","Pickup","made","3","0eb32e4e-3e01-4a85-9cfe-e7f91e289465","b638f427"
"Port Orange","7/9/26 6:04 pm","102","Pickup","made","3","f19932f2-7949-42f6-94f2-efdd07a36551","02299664"
"Port Orange","7/13/26 6:34 pm","132","Pickup","made","3","4177dac6-8dfc-4cd7-bfed-121aa7b89dfc","6b0f39d0"
"State Highway Palm Coast","6/1/26 4:56 pm","55","Pickup","made","3","1cd2232f-b8ef-473a-b859-9d556a20d086","4953c976"
"State Highway Palm Coast","6/1/26 5:21 pm","64","Pickup","made","3","e037bc45-38f5-414c-9d8b-d3c1bf02a1cb","c69f2d07"
"State Highway Palm Coast","6/9/26 5:05 pm","56","Pickup","made","3","da0cb8a8-ff20-47bd-99dd-47b9f840e217","ba00de4f"
"State Highway Palm Coast","6/11/26 12:28 pm","17","Pickup","made","3","d6e69556-ab7f-4ed0-9797-f16847a06e81","ade6c00b"
"State Highway Palm Coast","6/12/26 6:24 pm","119","Pickup","made","3","e97d10a6-5fb8-4daa-87aa-c4d531ff19d9","c0999c38"
"State Highway Palm Coast","6/14/26 5:41 pm","89","Pickup","made","3","4fb9c5dd-59f2-4388-aa05-185deeb066da","d101bd35"
"State Highway Palm Coast","6/21/26 3:49 pm","61","Pickup","made","3","e1544364-b718-4c57-a7fe-0052355fc531","65a696ea"
"State Highway Palm Coast","7/5/26 3:47 pm","59","Pickup","made","3","71eefb41-6bd1-4304-ab9d-12e6683f08a0","61c22aa0"
"State Highway Palm Coast","7/11/26 4:35 pm","76","Pickup","made","3","d9afde6c-ba5e-44fb-8eab-65e2104cf001","c28fbaf7"
"St Johns","6/6/26 12:24 pm","15","Pickup","made","3","3d442d1d-5d09-4f66-ae80-920774b6a814","fcfdda17"
"St Johns","6/9/26 4:12 pm","27","Pickup","made","3","3ab431fa-0d13-4690-b163-dd6c134b8e27","30da4e81"
"St Johns","6/13/26 1:59 pm","33","Pickup","made","3","c2e7d303-0fb1-4d6a-851e-3eaa3f9052de","d624fc12"
"St Johns","6/14/26 4:26 pm","68","Pickup","made","3","f411a3e7-24ae-4e29-a03d-ede2345c43c0","ccb17387"
"St Johns","6/18/26 3:57 pm","42","Pickup","made","3","011ec7ad-2b0d-4eab-8494-0c24344f24ec","321969be"
"St Johns","6/18/26 5:35 pm","84","Pickup","made","3","56547be1-9327-4d09-b58f-312475089416","d87a28b7"
"St Johns","6/21/26 4:28 pm","50","Pickup","made","3","d8b48e41-2225-4962-b0df-384e411e7f05","947cec38"
"St Johns","6/21/26 6:30 pm","125","Pickup","made","3","552d8bd2-8d00-474f-84ea-311ccc5616f7","5f28cc4a"
"St Johns","6/23/26 6:03 pm","74","Pickup","made","3","b64b14e3-0688-442f-ab30-e4c49cc25516","633b7ee4"
"St Johns","6/24/26 5:45 pm","75","Pickup","made","3","d8108e7a-82df-4e35-a515-c06a2e4eea65","9cc6473d"
"St Johns","7/1/26 11:14 am","5","Pickup","made","3","10edbd93-856b-4a60-b035-e6b015d2943c","f55675de"
"St Johns","7/3/26 6:00 pm","150","Pickup","made","3","3f063b95-8b18-49d9-afc6-6367165b0efa","94c0dd78"
"St Johns","7/5/26 3:55 pm","59","Pickup","made","3","15aa436c-af25-48e1-b0be-bacda139f270","8330d5d9"
"St Johns","7/9/26 6:18 pm","100","Pickup","made","3","0130e5d9-1a77-4d03-97fb-27c3bc1d203f","2181aad7"
"St Johns","7/11/26 5:19 pm","107","Pickup","made","3","783727f4-3d4e-4026-b191-aeb4de18cdc3","61df78c0"
"St Johns","7/11/26 5:26 pm","115","Pickup","made","3","e5531b9b-b4ec-4b14-ad6c-820abdf26860","3f317328"
"Uptown","6/6/26 6:48 pm","158","Pickup","made","3","c2410f3d-5505-480f-809b-266abfbb1389","803bdc69"
"Uptown","6/8/26 7:09 pm","123","Pickup","made","3","805b77b7-ca8e-447d-94dd-9355b9a75d28","1a0eb323"
"Uptown","6/12/26 4:29 pm","65","Pickup","made","3","a06f4b3c-5f9a-4ad6-8601-1d5a4ad5f230","4ef2550d"
"Uptown","6/12/26 6:49 pm","152","Pickup","made","3","0cf31d69-f78b-4596-ab52-d6fc85545c9a","f696c8ce"
"Uptown","6/13/26 5:04 pm","128","Pickup","made","3","ca1042eb-f4a5-42a2-a3e1-392d8ba47ff7","e034fc6d"
"Uptown","6/16/26 12:28 pm","15","Pickup","made","3","2eb35cba-17e8-4152-8d2c-c5549f4be84a","83c7a074"
"Uptown","6/16/26 6:10 pm","120","Pickup","made","3","c237648f-ecda-4770-bcab-21acf251f8aa","3c4cac38"
"Uptown","6/23/26 4:46 pm","77","Pickup","made","3","40b274f3-6448-4275-a2ee-5d0320d4f615","a830e57f"
"Uptown","6/27/26 8:47 pm","83","Pickup","made","3","6e69364d-e153-4d65-91ff-40eb67ae5dad","9bf7e842"
"Uptown","7/3/26 6:09 pm","147","Pickup","made","3","398f7d58-2616-42dc-b6a8-26365c1343d1","9e592ef3"
"Uptown","7/3/26 8:33 pm","57","Pickup","made","3","8683acbe-b89f-40fd-a7bf-aef8be2f155c","d89c37d7"
"Uptown","7/5/26 6:47 pm","177","Pickup","made","3","871fb956-541f-4574-b895-5fc4c0f904a6","964657f8"
"Uptown","7/12/26 6:41 pm","157","Pickup","made","3","99e6b05e-f23b-4bbd-a377-c6b95c12fea8","6b61eb6c"
"Ormond Beach","6/2/26 4:18 pm","63","Pickup","made","2","d8d025e9-8255-49a5-b8d4-43b9d603f61a","f8d9a0cb"
"Palencia","6/14/26 2:42 pm","21","Pickup","made","2","3fc79c10-c806-477c-bf0a-7517e48be54e","5f0f60c4"
"Jacksonville","7/3/26 5:33 pm","75","Pickup","made","2","51f3be7e-4b02-49de-97bc-b8563320f7a1","bc7bbabc"
"Ormond Beach","6/3/26 7:57 pm","117","Pickup","made","2","d768a069-85ec-4c12-a377-7c2ade434134","a2f338ca"
"Port Orange","6/9/26 7:06 pm","100","Pickup","made","2","68e80d60-cd0f-41bf-82e2-ca4ab82a3b2f","b901f139"
"St Johns","7/3/26 4:35 pm","76","Pickup","made","2","fe8d4db0-9363-4ca7-8718-0d4efaca9230","d25c4f86"
"Port Orange","6/10/26 11:56 am","6","Pickup","made","2","3d63ce87-3142-4d97-a9a1-ca88c0d4570c","47631224"
"Ocean Shore","6/18/26 8:07 pm","7","Pickup","made","2","41df0387-40df-409f-ba26-b6b8bcc16ba9","91d48530"
"Nocatee Ponte Vedra","6/26/26 8:21 pm","122","Pickup","made","2","8c173478-68be-4411-90b9-3807f1bd330f","50669f4e"
"DaytonaBeach","6/24/26 12:16 pm","15","Pickup","made","2","",""
"St Johns","7/4/26 7:36 pm","115","Pickup","made","2","3211b750-2e6a-4ee4-9773-738cee01f0d7","e45fce94"
"Jacksonville","6/6/26 6:45 pm","141","Pickup","made","2","bdad5126-2f4c-4b1f-ab8d-844e7bbb2bcb","cf9cad28"
"State Highway Palm Coast","6/21/26 4:54 pm","89","Pickup","made","2","671679e2-f7d4-4cef-9ae2-275974bfc7b4","eee0d872"
"Nocatee Ponte Vedra","6/15/26 6:27 pm","112","Pickup","made","2","789cabd0-93fe-4b5d-a6cf-3b1ea4a437e9","1f4a949c"
"Palencia","6/28/26 6:06 pm","67","Pickup","made","2","6b545c83-4a91-4b97-9387-ca5f38ee51be","58639c26"
"Nocatee Ponte Vedra","6/1/26 7:45 pm","144","Pickup","made","2","35d7df7d-8364-4a86-b9eb-3c78d8b9da1a","838683d8"
"St Johns","7/7/26 2:08 pm","29","Pickup","made","2","ee399212-98db-4ef1-9cec-30497980a2f8","a4f01417"
"St Johns","7/7/26 4:13 pm","40","Pickup","made","2","85d4f9d3-ef36-4ce9-83a1-7a3e48f2d6c8","db1ca800"
"State Highway Palm Coast","6/23/26 7:48 pm","91","Pickup","made","2","c5a88d4e-827d-4482-b646-9fe232ed33fe","4eff5f08"
"Port Orange","6/11/26 5:54 pm","75","Pickup","made","2","8eb9f750-3e21-4d7d-b06d-e6153c2ff1bb","cac4258a"
"Nocatee Ponte Vedra","6/17/26 6:48 pm","139","Pickup","made","2","4423578a-418e-47bd-b009-6707217acbac","2e2ec2e9"
"Ocean Shore","6/22/26 5:12 pm","66","Pickup","made","2","35ece425-7fed-4c0e-8000-db9a2427bc6c","0564fe15"
"Palencia","7/4/26 12:58 pm","9","Pickup","made","2","35dcd582-8558-428d-aa81-1281ce92cba1","d227c05e"
"St Johns","7/9/26 3:08 pm","30","Pickup","made","2","68287c5e-c829-4ee2-a107-b779a81ccc38","9d170b26"
"Nocatee Ponte Vedra","6/28/26 6:08 pm","141","Pickup","made","2","97bb62bf-ed8f-406d-96f5-89fd1c54fcac","f967515a"
"Nocatee Ponte Vedra","6/29/26 6:19 pm","100","Pickup","made","2","135ae7c8-d755-4b22-a77e-a60f70db8036","2dc8e330"
"Nocatee Ponte Vedra","6/11/26 6:58 pm","157","Pickup","made","2","3a7ba347-b42f-49db-b004-d1e4cf9cd703","82d60fca"
"Palencia","7/10/26 5:44 pm","101","Pickup","made","2","4422ae14-b258-4519-bc83-d72eb907b4c3","e7c12997"
"DaytonaBeach","6/25/26 5:27 pm","73","Pickup","made","2","",""
"St Johns","7/11/26 6:38 pm","166","Pickup","made","2","4eee2148-679e-4469-88a7-0ea9fcadafeb","ea27a835"
"Lake Mary","7/12/26 1:44 pm","48","Pickup","made","2","e1e99d7b-e9c8-4211-8f76-305cbadc6acd","3ff60f9d"
"St Johns","7/13/26 5:56 pm","80","Pickup","made","2","131ec394-eb29-4ed7-82e6-99f37f5ed91d","af92f5a5"
"State Highway Palm Coast","7/3/26 6:07 pm","132","Pickup","made","2","163156e0-db7e-46a0-bba4-1dc6f00b5007","204f4e21"
"Uptown","6/1/26 7:08 pm","105","Pickup","made","2","2ccb48d5-8e62-4fe2-8778-ad44fa06e000","df0fac19"
"State Highway Palm Coast","7/4/26 3:20 pm","53","Pickup","made","2","60ee28d5-a070-448b-a73b-b0b0207c7175","610d0111"
"Nocatee Ponte Vedra","6/19/26 4:49 pm","115","Pickup","made","2","e1003592-b6f9-47bc-93b5-1bf161aa06ba","d1aff251"
"Port Orange","6/17/26 12:19 pm","15","Pickup","made","2","41354ebd-3404-4f1c-a14a-bcb457b7a30b","e0eb5f2c"
"State Highway Palm Coast","7/7/26 6:19 pm","68","Pickup","made","2","7d8fdaa5-4968-451a-b526-1a7cf932a56c","311cbf2a"
"Uptown","6/3/26 5:06 pm","79","Pickup","made","2","e26744d4-8d37-4ddd-ac95-f2d7bf4e9762","7841b29b"
"Uptown","6/5/26 5:41 pm","130","Pickup","made","2","9578e04e-9399-4777-968c-89cd948aa0b0","20ee4520"
"Port Orange","6/17/26 5:36 pm","108","Pickup","made","2","f355446a-3aef-4c7f-9aae-c05ebfad0d19","85b84b71"
"Jacksonville","6/22/26 7:52 pm","74","Pickup","made","2","bb78111a-3064-4149-964c-d988989f512f","eca9cf79"
"Port Orange","6/18/26 8:43 pm","151","Pickup","made","2","aa394527-1d8e-4180-8dee-f4ee08523fc3","d59bad2e"
"State Highway Palm Coast","7/10/26 6:46 pm","134","Pickup","made","2","13bf342c-9a93-468e-a8bb-d71e3a5e19c3","8d97fb17"
"Ponte Vedra Beach","6/3/26 8:23 pm","99","Pickup","made","2","18a8dec4-b00c-46a1-a214-09fae8b39e7e","b89f85ec"
"Nocatee Ponte Vedra","7/1/26 5:47 pm","118","Pickup","made","2","1b41b09d-d041-4fa9-9059-2cbd80ee1543","849b93a7"
"Ocean Shore","6/30/26 6:42 pm","115","Pickup","made","2","33be9e61-8b83-4a0b-a254-8c0dd3f72753","acbef55c"
"Uptown","6/7/26 8:38 pm","8","Pickup","made","2","ba3cf106-5528-44d4-9736-0c1ec357e35a","7882f952"
"State Highway Palm Coast","7/13/26 8:24 pm","100","Pickup","made","2","43109b72-8423-470f-8d9d-3a7947e2eb53","c94560fa"
"Nocatee Ponte Vedra","6/20/26 5:58 pm","139","Pickup","made","2","633c1690-06a3-4a9d-a97f-3b0dfbf58693","161419bd"
"Uptown","6/9/26 5:43 pm","74","Pickup","made","2","bb367af2-49c1-4275-bc9e-c781e1458a7e","09726552"
"Port Orange","6/21/26 6:31 pm","140","Pickup","made","2","4ec81c14-223f-4004-a325-2b0e2c3da17b","11659099"
"Uptown","6/9/26 7:00 pm","118","Pickup","made","2","6f2ba003-c1ab-4c6b-a873-2856de3b98d5","17c553ad"
"Ocean Shore","6/30/26 7:14 pm","138","Pickup","made","2","b9a26d71-f227-4b3c-957b-d56dd8ce7778","589392db"
"Ponte Vedra Beach","6/8/26 6:04 pm","40","Pickup","made","2","501d9fff-0ef2-4639-9e07-5308d8e35a21","d3f2f018"
"Uptown","6/10/26 7:03 pm","130","Pickup","made","2","1d92677c-49f5-406f-b53c-2ca34dd6b14c","34f8bf24"
"Port Orange","6/22/26 5:09 pm","53","Pickup","made","2","32496e61-e69d-4f6a-945d-00a5f4fabf1b","7bf8da14"
"Ponte Vedra Beach","6/10/26 4:14 pm","23","Pickup","made","2","6a169d97-654e-4043-bcd2-4cebf443ade5","a6b2e48a"
"Nocatee Ponte Vedra","6/20/26 7:14 pm","9","Pickup","made","2","1b5e75cd-a64c-4b8a-9806-f141666114f4","205d1dea"
"Ormond Beach","6/16/26 7:24 pm","97","Pickup","made","2","105a217f-f67d-40db-bc10-bd7426f6d9c2","4e25306c"
"Uptown","6/24/26 4:15 pm","64","Pickup","made","2","4242d815-a916-4e16-82bf-1b9f92da8765","d8d3bb13"
"Jacksonville","7/4/26 6:26 pm","106","Pickup","made","2","989d62a6-6e81-4a50-9435-796ae8d3be90","e72a6d24"
"Ormond Beach","6/18/26 6:25 pm","88","Pickup","made","2","1e3239fc-eb99-4390-ad86-9d8214873e55","d050a17f"
"DaytonaBeach","6/16/26 4:54 pm","73","Pickup","made","2","",""
"Uptown","6/12/26 8:18 pm","18","Pickup","made","2","5715e590-aa4c-4112-865c-e17c5b4964d9","f1a36980"
"Ormond Beach","6/19/26 12:01 pm","12","Pickup","made","2","b0e4c7c5-6ca8-4142-86ab-594ed3ded4c1","3463717f"
"Uptown","6/13/26 4:49 pm","116","Pickup","made","2","e0966e47-5574-48ff-b382-154f44e5922a","2f0211ab"
"Uptown","7/11/26 1:38 pm","29","Pickup","made","2","585e4558-709a-406e-8ccf-11da491f4a6d","1e85f8b6"
"Uptown","6/13/26 5:22 pm","138","Pickup","made","2","a09a051c-83d0-4846-a323-9b43833fcb36","b451fa17"
"Jacksonville","7/5/26 5:39 pm","90","Pickup","made","2","9600dc3c-4422-4841-9745-17f942e32246","c3758ce2"
"Uptown","6/14/26 4:55 pm","96","Pickup","made","2","e2e033b8-eaed-4e7c-b9b8-06fb33160068","962ec33f"
"St Augustine","7/7/26 7:37 pm","132","Pickup","made","2","",""
"Nocatee Ponte Vedra","6/21/26 5:22 pm","109","Pickup","made","2","bc0fd618-073c-4722-8155-6322025e51b4","eb537e22"
"Jacksonville","6/21/26 6:13 pm","106","Pickup","made","2","e1f76941-0f69-4e3c-9367-714500a750e9","6c5ad201"
"St Augustine","7/11/26 7:01 pm","144","Pickup","made","2","",""
"Uptown","6/15/26 7:23 pm","124","Pickup","made","2","ea6f478e-2e0d-42b7-a6d9-120fde67a52c","1667f6f2"
"Uptown","6/15/26 8:37 pm","146","Pickup","made","2","ff3ed13e-8cc1-4cdb-98e0-913bb02304d6","3a4131f6"
"Uptown","7/11/26 5:21 pm","115","Pickup","made","2","8eeca4ea-6e81-45f9-8c8e-7591868b7141","a2e2e56a"
"Port Orange","7/2/26 5:39 pm","96","Pickup","made","2","ff002fc4-3fc9-4a42-9aff-e8f499a80f57","33d8eb4e"
"Port Orange","7/4/26 5:22 pm","65","Pickup","made","2","a6446c9d-23cc-465e-9ce0-450b66299aa8","e2f6e19f"
"St Johns","6/2/26 4:39 pm","39","Pickup","made","2","32090419-ab30-4ffb-bc52-409cf4b0e6f4","16fd4a21"
"Uptown","6/17/26 12:13 pm","9","Pickup","made","2","6f40981b-d2c6-481f-ab7c-978864d8d123","dbba6339"
"St Johns","6/2/26 8:14 pm","87","Pickup","made","2","7f0acd4f-46f9-44c6-b52d-d69fcda2beeb","95a11e06"
"Port Orange","7/4/26 6:56 pm","116","Pickup","made","2","9bd5bf49-a3e8-4374-bb41-34b4e30de8ea","421eb7df"
"Ponte Vedra Beach","6/20/26 7:44 pm","114","Pickup","made","2","7b684244-c85f-4633-b83d-9c5fa06abacd","a323d3ca"
"Uptown","6/19/26 4:48 pm","100","Pickup","made","2","dfe7782b-c703-4315-bc0d-867bb62c73a3","2b70a57a"
"St Johns","6/3/26 5:33 pm","73","Pickup","made","2","1ef03d99-8f98-46d7-9176-67aba1fcf82c","82416614"
"Ocean Shore","6/10/26 7:31 pm","128","Pickup","made","2","f504cdab-db33-467b-9cbe-3ed59fef4e30","dc16ae72"
"Ponte Vedra Beach","6/22/26 7:55 pm","77","Pickup","made","2","623feb48-64c0-4329-9843-26b0cbd3fd0f","21d1f9a6"
"Ponte Vedra Beach","6/23/26 5:33 pm","36","Pickup","made","2","56eb59c7-f20a-48d9-8f1b-bbe2592eb1cf","d8cb6fa8"
"St Johns","6/5/26 2:05 pm","28","Pickup","made","2","0e8ec2ae-b12f-4702-b9be-44f9c2c62c4f","a59e332e"
"Nocatee Ponte Vedra","7/3/26 6:56 pm","10","Pickup","made","2","a6bfd5fd-cf13-424e-a0b8-a141eb73d95e","ecdc8c21"
"Ormond Beach","6/24/26 4:59 pm","50","Pickup","made","2","359a7096-40a2-48e4-9076-40b480ba3d75","e34350a1"
"Port Orange","7/7/26 4:36 pm","49","Pickup","made","2","6e687ad8-3515-41f9-a8bd-e24be00ac8fe","0501c242"
"Jacksonville","7/4/26 3:54 pm","53","Pickup","made","2","9d45455f-92f7-46fc-8ac9-b8e8de83d4ff","7866c42b"
"Jacksonville","6/13/26 6:07 pm","108","Pickup","made","2","03378629-383c-4b7b-a279-4ff47c31fe99","8201490d"
"Ponte Vedra Beach","6/26/26 6:44 pm","121","Pickup","made","2","4ebc96a5-cdcb-4516-939e-b27df7d324c7","c599e6dd"
"Nocatee Ponte Vedra","7/3/26 7:37 pm","44","Pickup","made","2","257dab8f-9ccf-4de7-b4f0-302c6cc88b1f","9c604752"
"Ormond Beach","6/28/26 4:53 pm","55","Pickup","made","2","8cbb78a4-b989-41d8-b5c3-e685cf456dd5","0ecc319c"
"Nocatee Ponte Vedra","6/21/26 7:15 pm","183","Pickup","made","2","ee717ed2-ff5b-4c5c-ba1b-902058965431","d87fdfcb"
"Ponte Vedra Beach","7/3/26 8:16 pm","152","Pickup","made","2","96c8b576-da00-4d90-b862-51af0c6526e3","b3213893"
"St Johns","6/9/26 1:51 pm","15","Pickup","made","2","728b08c3-953f-42ed-a7d7-d618c3021794","0a49ff3d"
"Jacksonville","7/3/26 6:52 pm","133","Pickup","made","2","d74229bc-ee12-421e-8e43-c0606b93e05f","bb722c61"
"Ormond Beach","7/1/26 6:15 pm","98","Pickup","made","2","42ba864b-a331-451d-94a7-b996cf3b6d68","8ff3c16d"
"Uptown","6/25/26 11:28 am","4","Pickup","made","2","5e2b95af-2067-4b66-b97a-847fb529565a","64503a03"
"St Johns","6/12/26 5:25 pm","108","Pickup","made","2","1bbdc7f0-1a0d-481e-92d0-b9d974576161","27395d46"
"St Johns","6/12/26 7:28 pm","23","Pickup","made","2","5c64fded-11fd-4f43-81a8-129d302828ec","90b83c73"
"Port Orange","7/10/26 8:39 pm","21","Pickup","made","2","39bde9b6-25a9-4b16-bf33-adf87892b6ff","e58ff809"
"Lake Mary","6/7/26 4:52 pm","121","Pickup","made","2","e5e2a554-819c-4fc6-9f4f-db59f306af54","688ac407"
"Ocean Shore","7/6/26 5:32 pm","104","Pickup","made","2","dc744bdd-d7cc-40c8-bfa9-e6cbdb7b8042","6cf1d3d0"
"Jacksonville","6/9/26 5:24 pm","38","Pickup","made","2","9b05fce0-4ce8-4d10-952a-c1488828a577","b2c7d917"
"Uptown","7/13/26 5:28 pm","102","Pickup","made","2","891d14f4-f7ad-492d-82fa-3ede53509710","7481ed30"
"Lake Mary","6/12/26 6:20 pm","1","Pickup","made","2","ad2bc172-fb04-4dfc-8bd0-d369f6a0e669","1816b761"
"St Johns","6/14/26 5:39 pm","105","Pickup","made","2","c3c8d82b-964e-4a70-86e2-2e5ae4f6975b","26545a03"
"Lake Mary","6/13/26 5:06 pm","120","Pickup","made","2","d9e0dcae-d36d-4a8e-8600-25553625adaf","224497ac"
"St Johns","6/14/26 5:46 pm","115","Pickup","made","2","fd4ac726-6403-4075-85ef-f3c033519231","ee065c31"
"Port Orange","7/11/26 5:26 pm","90","Pickup","made","2","4986b345-8aed-4f09-a7e2-61377b936a4a","3f8affe2"
"Nocatee Ponte Vedra","6/14/26 3:44 pm","42","Pickup","made","2","fd6e49e6-bc19-4ed0-8548-c77e4964ea82","d5a278f9"
"Ormond Beach","7/4/26 7:29 pm","83","Pickup","made","2","6743e770-b79d-4a62-8043-a35089b44135","f3004eae"
"Ponte Vedra Beach","7/5/26 6:23 pm","82","Pickup","made","2","f2930e3d-ec6c-4f70-8efc-f51bf7289e19","e2b1d4d2"
"Nocatee Ponte Vedra","6/25/26 6:17 pm","141","Pickup","made","2","8704e003-2df5-46b6-8038-cb683d53401b","120c7595"
"Nocatee Ponte Vedra","6/25/26 8:34 pm","22","Pickup","made","2","a1becf82-fb1c-455e-b971-73f952a9202d","1e6178c8"
"Uptown","7/5/26 8:38 pm","18","Pickup","made","2","2bf2e55a-d661-4de7-90f2-886dd86085ed","d5466370"
"St Johns","6/18/26 7:17 pm","144","Pickup","made","2","dda784b8-2e7c-4e2f-8834-99e8cf7786d8","949f4efc"
"Lake Mary","6/20/26 3:13 pm","97","Pickup","made","2","69a05f5d-468f-4367-b225-95eda808e57e","9aa7be7c"
"Ponte Vedra Beach","7/7/26 6:46 pm","40","Pickup","made","2","0783fa95-e3b8-49fe-8f4a-0d383a5f27fc","8b42fe08"
"State Highway Palm Coast","6/1/26 6:06 pm","87","Pickup","made","2","f1438347-2d06-45f1-84f6-e78e34df1c36","aba3a024"
"Lake Mary","6/20/26 7:18 pm","24","Pickup","made","2","e8e3ec1f-61fe-442c-b176-d4ae31727c04","5924c50e"
"St Johns","6/19/26 5:22 pm","127","Pickup","made","2","618d6db1-34e3-4da0-8f47-ca90e70a204a","bc8b5a93"
"Ocean Shore","7/9/26 5:28 pm","97","Pickup","made","2","220c0dcd-8a62-431c-a2a7-052a1a4eb596","fd132ad4"
"Uptown","6/22/26 4:21 pm","52","Pickup","made","2","8e9827f6-8c0c-4570-83f8-befc2d911f95","a09b1e29"
"Lake Mary","6/21/26 6:22 pm","17","Pickup","made","2","1ac98c78-de9f-4315-be24-9b433dc2621e","22c45394"
"St Johns","6/20/26 5:28 pm","113","Pickup","made","2","3cded46b-1dc8-4649-af17-9de745582424","785c89ea"
"State Highway Palm Coast","6/3/26 7:02 pm","101","Pickup","made","2","84612234-4a4f-4c13-ad2e-b51ea95cd665","137b810e"
"Nocatee Ponte Vedra","7/9/26 1:09 pm","24","Pickup","made","2","e0e62120-6231-45f6-b0cd-f794d62376e3","2f710640"
"Ponte Vedra Beach","7/8/26 6:27 pm","62","Pickup","made","2","9ee03fbc-ba07-4c04-b7c9-191f8e63ee6d","4d5ba9f0"
"St Johns","6/21/26 6:05 pm","109","Pickup","made","2","c90f9590-a7ad-41e3-af43-6843fdd9cab1","b69a5c8c"
"Nocatee Ponte Vedra","6/26/26 4:47 pm","107","Pickup","made","2","9ac01702-a9ae-44d5-abcb-45be2bccaaba","cb3a0ecd"
"Palencia","6/2/26 6:47 pm","88","Pickup","made","2","52522891-726e-482e-a6ca-3e757064a3b3","180290b2"
"State Highway Palm Coast","6/5/26 5:11 pm","94","Pickup","made","2","d94314c2-fc0e-47e1-ace1-0d79e64c022b","2809096a"
"Nocatee Ponte Vedra","6/7/26 5:57 pm","124","Pickup","made","2","ffe27a2c-f0ed-4d00-aed9-41b66ab61708","026f2d81"
"Uptown","7/7/26 6:57 pm","115","Pickup","made","2","af4354e3-ad73-4899-9cb3-485ba05b1915","86dc1e0b"
"Ponte Vedra Beach","7/10/26 6:08 pm","106","Pickup","made","2","4b5227eb-bbf7-4a76-98f4-5be193db2c39","431e4879"
"Ocean Shore","7/11/26 7:12 pm","3","Pickup","made","2","ffe240e7-48d5-4d40-90ef-2f5b2f29dad9","272b51d3"
"Lake Mary","7/13/26 6:50 pm","129","Pickup","made","2","eadf006d-9fea-489a-b210-ec83a16df213","90e3908b"
"State Highway Palm Coast","6/10/26 8:10 pm","108","Pickup","made","2","ca34c4ea-fe82-4692-9669-b443ec1e53f6","9faad585"
"Lake Mary","6/30/26 4:56 pm","88","Pickup","made","2","941e791a-eb8d-463b-9a7c-96f46ad3da02","dac47a1f"
"Palencia","6/11/26 2:33 pm","36","Pickup","made","2","e094a6ec-9745-4686-ac58-bc861a35c1c4","a46f8f25"
"Palencia","6/11/26 6:07 pm","82","Pickup","made","2","c86079eb-a3fc-4cd4-ad6b-a2cac004e579","44154096"
"St Johns","6/27/26 2:19 pm","43","Pickup","made","2","bacca4b5-a32e-46b1-9775-22c5facd3632","32a36f4c"
"Ormond Beach","6/1/26 2:59 pm","32","Pickup","made","2","64abe0c5-f1a9-4267-a697-eedc292e9542","f47309f4"
"Port Orange","6/1/26 5:03 pm","54","Pickup","made","2","cd7fecac-b1b3-4eb3-92cd-e4ebd7ba4d75","4958cf58"
"Lake Mary","7/4/26 4:23 pm","82","Pickup","made","2","a8053b4b-02bc-4391-a4d3-c59fc34b2b51","df21fdbe"
"St Johns","6/28/26 1:24 pm","17","Pickup","made","2","06f4fc14-9445-4956-a81d-49a427ff17a7","ee3c6b88"
"Jacksonville","6/25/26 6:55 pm","93","Pickup","made","2","ddc33983-5941-4960-a1ff-08ae4dcec6ac","62242793"
"Port Orange","6/2/26 6:27 pm","93","Pickup","made","2","2a01d392-0051-436b-b8bc-0b615c3972cd","6838ce45"
"Lake Mary","7/7/26 5:52 pm","93","Pickup","made","2","51b420a2-b7b0-49b7-8a9d-b4955df523fe","be6cd8f5"
"Lake Mary","7/7/26 5:59 pm","97","Pickup","made","2","14e782dd-011e-4021-a07f-c9bfbcda15c7","bb3e082c"
"State Highway Palm Coast","6/15/26 2:57 pm","44","Pickup","made","2","7c79283d-f14c-47e6-b5ea-38e9069ff4c0","a5a10cb1"
"Lake Mary","7/7/26 8:16 pm","148","Pickup","made","2","fb686ed9-0815-4385-92c6-0b8c05869ab0","152dcbc1"
"Uptown","6/28/26 2:21 pm","30","Pickup","made","2","c05a71af-7425-48da-852e-c420a4b8f006","a8fe262c"
"State Highway Palm Coast","6/15/26 8:12 pm","129","Pickup","made","2","27bf0174-fbb2-4357-9770-f2eccee016e9","10879b6d"
"Port Orange","6/6/26 4:43 pm","71","Pickup","made","2","3cc837d6-14ae-45b9-8353-52faa49b4663","dc8e0dff"
"Palencia","6/12/26 6:20 pm","116","Pickup","made","2","ae984668-15d9-4937-941d-5929e06a72a2","d57cb28f"
"Port Orange","6/7/26 12:11 pm","3","Pickup","made","2","8b57cfa1-1bc6-4666-b576-3addd29fc64c","d7975831"
"Ponte Vedra Beach","6/19/26 7:44 pm","160","Pickup","made","1","b8697d92-dec5-44ff-ae68-915b4f1a7e0c","1e446133"
"Ponte Vedra Beach","6/19/26 7:57 pm","165","Pickup","made","1","bd3d4de5-d4f2-4c13-a3c8-a5e484c615d6","49f69f04"
"Ponte Vedra Beach","6/20/26 8:01 pm","120","Pickup","made","1","e544793c-e453-4b98-b5f5-60176b02b9e9","d24e4044"
"Ponte Vedra Beach","6/23/26 6:09 pm","47","Pickup","made","1","a01e2a8f-ed76-4581-8243-2ff6a61d0edb","b0b6ab60"
"Ponte Vedra Beach","6/24/26 7:13 pm","84","Pickup","made","1","4cfb929c-0e70-4ee5-acad-555052a302a8","70da363c"
"Ponte Vedra Beach","6/25/26 6:05 pm","65","Pickup","made","1","a3a608a0-96e2-486f-ac91-d96fbb570a26","9fadda1f"
"Ponte Vedra Beach","6/29/26 3:07 pm","12","Pickup","made","1","27b529fb-6510-4e6c-8668-43bb9edad5f7","cd945db2"
"Jacksonville","6/29/26 3:01 pm","26","Pickup","made","1","825fd99e-08a9-4aa1-9521-da5aaf9a9480","f69893f4"
"Ponte Vedra Beach","7/3/26 7:46 pm","146","Pickup","made","1","b5fdf942-0068-4aa9-a82d-d4a8aaf1553a","1e417999"
"Uptown","6/29/26 4:03 pm","40","Pickup","made","1","10abb40c-3ddc-4803-b025-5aaeb4362abb","d0509200"
"Ponte Vedra Beach","7/4/26 4:20 pm","35","Pickup","made","1","038b4ab2-61e6-4140-acf1-8ba5476e405b","0026fb31"
"Ponte Vedra Beach","7/4/26 5:59 pm","68","Pickup","made","1","7f491c53-267f-42e6-aaec-ef6efcc81ce6","441f4bba"
"Ponte Vedra Beach","7/4/26 7:06 pm","98","Pickup","made","1","a3aec1e7-1c4d-452d-b8b9-f18d5119b451","603104ae"
"Jacksonville","6/26/26 5:50 pm","114","Pickup","made","1","cfc98736-12a8-425a-a98a-c7e92b02e1a9","1218a791"
"Uptown","6/30/26 6:05 pm","115","Pickup","made","1","22d410c6-c932-4fa8-93b9-d27098d81d6a","a79a06d5"
"Ponte Vedra Beach","7/5/26 6:52 pm","103","Pickup","made","1","7eb5c05e-1765-4fd3-b95f-af9b8147515a","c10a5795"
"Uptown","6/30/26 7:12 pm","142","Pickup","made","1","98200fff-58bb-43f7-a348-b8c17887fab8","8317aade"
"Ponte Vedra Beach","7/8/26 5:16 pm","41","Pickup","made","1","0d41399e-a2b7-4065-8ca1-bec45ed2bc09","432a0f74"
"Uptown","7/1/26 3:02 pm","33","Pickup","made","1","9c42df34-99fe-437d-94ef-8da86287509c","ac63dbcd"
"Uptown","7/1/26 6:20 pm","96","Pickup","made","1","57bd64b7-0137-4250-9707-695253bbf8b8","217e67cb"
"Ponte Vedra Beach","7/9/26 6:09 pm","73","Pickup","made","1","52137129-0362-4432-8975-8687060224d1","9b23d6be"
"Ponte Vedra Beach","7/10/26 5:33 pm","66","Pickup","made","1","cede48f4-7356-4207-a400-770e509a3b89","dc49ddcd"
"Ponte Vedra Beach","7/10/26 6:31 pm","125","Pickup","made","1","0323ea0b-333b-4fef-8794-bd6c69f2387a","6c839179"
"Ponte Vedra Beach","7/10/26 7:51 pm","165","Pickup","made","1","6ee8168d-2170-4318-ac79-653cd2ec865f","2112d369"
"Ponte Vedra Beach","7/10/26 8:19 pm","172","Pickup","made","1","de5d9a0e-1d93-4f28-8f4a-b09cfdbd85c2","39218801"
"Jacksonville","6/26/26 4:56 pm","65","Pickup","made","1","f4b1d769-7241-4a77-acc3-51a751ef6a6f","784c8cd7"
"Ponte Vedra Beach","7/12/26 5:00 pm","35","Pickup","made","1","21d0d97c-9cad-475d-9881-180cafcab534","cc49ffbf"
"Jacksonville","6/25/26 6:18 pm","77","Pickup","made","1","ebdab82c-8428-4e2e-a7d1-b2103fffe599","1aa51196"
"Port Orange","6/6/26 5:35 pm","97","Pickup","made","1","aa856259-0bfb-4afa-8443-c9dcea23f8f4","4ba38c76"
"Port Orange","6/7/26 1:54 pm","28","Pickup","made","1","d6252bab-822c-4c6c-941e-ecf964c80d77","85947b9d"
"Jacksonville","6/25/26 6:09 pm","71","Pickup","made","1","56cd97a6-bd32-452f-9e6c-ac5c887f36f6","0df966c9"
"Uptown","7/2/26 4:57 pm","98","Pickup","made","1","6631f704-97d8-4016-b6ab-941654ad5c8f","a0fdc1ee"
"Port Orange","6/9/26 5:02 pm","62","Pickup","made","1","d13de6da-8d27-4941-bccd-1475486246c8","0175b86a"
"Port Orange","6/10/26 2:37 pm","35","Pickup","made","1","efddb398-a350-49f4-b7cf-3eb2cc1741f6","4bcd99ca"
"Port Orange","6/10/26 3:58 pm","48","Pickup","made","1","2b7c8d85-5006-4260-9fa3-3091096510aa","901e363b"
"Port Orange","6/10/26 4:10 pm","51","Pickup","made","1","e9c96f00-e58b-48da-83dd-90af17031947","9c4c6555"
"Port Orange","6/10/26 5:37 pm","75","Pickup","made","1","c8b5972b-c54a-406b-b02b-644dc37bfd35","a0189a9e"
"Port Orange","6/10/26 6:29 pm","96","Pickup","made","1","46b273a3-9371-4b08-95ed-7056a9177763","b92b8c33"
"Port Orange","6/10/26 6:35 pm","99","Pickup","made","1","969cb103-a5a9-441f-9f7e-249285f8896c","485df994"
"Port Orange","6/11/26 6:52 pm","98","Pickup","made","1","7ce8e114-e5bc-40bb-8c6a-a4980a8de3b6","f17acdc9"
"Port Orange","6/13/26 12:18 pm","10","Pickup","made","1","248c660a-e7b4-4f9f-a4a9-e8e1e31e656a","7d011f43"
"Port Orange","6/13/26 5:27 pm","83","Pickup","made","1","1314ac07-c1e0-4bb4-8489-bacd7c3355bb","020ff1b6"
"Jacksonville","6/23/26 3:38 pm","34","Pickup","made","1","f04e7fe5-015c-43d5-98da-103ebeeacc69","ea445c71"
"Port Orange","6/13/26 6:18 pm","110","Pickup","made","1","19bee5d2-d5c3-48bb-84fa-6bca0eefe0ac","9cd19478"
"Port Orange","6/15/26 5:12 pm","63","Pickup","made","1","185feefd-5932-4bbe-a14e-7bd63cddd3aa","b75df057"
"Port Orange","6/15/26 5:29 pm","72","Pickup","made","1","4c0d7992-f4de-4fc7-a60c-8a45f53e4396","c733d209"
"Port Orange","6/15/26 5:54 pm","81","Pickup","made","1","672c4c92-05c4-43a5-b41b-1c22eb1a881d","aea44056"
"Port Orange","6/16/26 3:16 pm","32","Pickup","made","1","2f6cb323-afa9-4111-84ea-11f80b32ac20","8edf54c6"
"Port Orange","6/17/26 11:54 am","11","Pickup","made","1","07d6a9c2-e64f-4ab5-9dfc-973801f507ff","beeba843"
"Port Orange","6/19/26 3:57 pm","61","Pickup","made","1","dfd4794e-1442-48a7-a3e8-4ccffb249aa9","428cc255"
"Port Orange","6/20/26 4:13 pm","52","Pickup","made","1","c957bd53-f46a-48ff-8ffa-5844c3d9b608","f262bfb8"
"Port Orange","6/20/26 4:44 pm","72","Pickup","made","1","7a4a3696-b59c-470d-8f2e-6d2715a95b44","eceeb9a7"
"Port Orange","6/20/26 5:29 pm","91","Pickup","made","1","8f433828-55c4-453e-ba8a-033f553141e5","10c87fca"
"Port Orange","6/21/26 7:30 pm","172","Pickup","made","1","85d5caf1-d3f3-4cdc-beb0-c22bed7f3a58","ee5da75c"
"Port Orange","6/22/26 12:17 pm","11","Pickup","made","1","43a140dd-1952-41d4-816f-4a715d1c6da9","2f3b088e"
"Port Orange","6/26/26 7:02 pm","163","Pickup","made","1","09cb87dc-c28b-4938-8af2-f758df6589de","adc372a7"
"Port Orange","6/27/26 2:04 pm","27","Pickup","made","1","7fd9d3f0-10a7-482d-8800-7a8ae149709d","67432249"
"Port Orange","6/27/26 4:45 pm","72","Pickup","made","1","a3950ab1-d6f5-4c9f-a80e-d6e43e32876f","34b6dad1"
"Port Orange","6/28/26 5:16 pm","81","Pickup","made","1","3cfdc43b-f006-4f0a-b656-290730d365dc","7dbc8971"
"Port Orange","6/28/26 5:44 pm","94","Pickup","made","1","6d70568e-d9b6-48bf-a8f5-2c75b35cb220","69871979"
"Uptown","7/2/26 5:34 pm","113","Pickup","made","1","074a8459-5a0f-4289-ab0c-c230d4cd6d39","3e617f9e"
"Port Orange","6/29/26 6:54 pm","102","Pickup","made","1","d9890913-9431-4044-834d-9dc3218517cc","80ee41e0"
"Port Orange","6/29/26 7:45 pm","117","Pickup","made","1","9ac20941-7bce-4ae7-bd03-3ee00e55014d","7dac7549"
"Port Orange","6/30/26 12:11 pm","7","Pickup","made","1","1b2905e3-d3a1-4bd3-80da-66316ac500e7","588c7c0f"
"Port Orange","7/5/26 1:38 pm","27","Pickup","made","1","2b653d5f-159b-4e16-af5f-a6a810ea021f","e18bc9df"
"Port Orange","7/5/26 2:06 pm","33","Pickup","made","1","2b31c9e1-f8c2-4f16-bee3-00973a08f353","7ac24e58"
"Port Orange","7/5/26 2:32 pm","37","Pickup","made","1","43bf8afc-d63b-4c1e-a15d-fcb8a10e0017","6ca72f86"
"Port Orange","7/5/26 4:38 pm","85","Pickup","made","1","7e7af5fa-b269-408e-b66c-9d6ff27494b2","5896768f"
"Port Orange","7/6/26 6:34 pm","118","Pickup","made","1","4b1a77c6-a3be-4a9d-ab92-3cb99f3dc328","c75fa871"
"Port Orange","7/6/26 7:26 pm","140","Pickup","made","1","2f82de40-4acc-4d35-a86a-8ae8bfb0f5c4","889794c5"
"Port Orange","7/7/26 7:24 pm","112","Pickup","made","1","a0821836-4ca5-47ab-b952-d6081f93cac4","6791a816"
"Uptown","7/2/26 5:47 pm","121","Pickup","made","1","197aabc3-b852-4313-a536-5d92811d090b","cdba6672"
"Port Orange","7/9/26 3:03 pm","44","Pickup","made","1","f0969fe7-87cb-49ec-93a6-31bcce105f13","5edb3199"
"Uptown","7/2/26 6:52 pm","177","Pickup","made","1","33677ef8-b447-4607-b85b-806983edff78","c34fb9d3"
"Port Orange","7/9/26 6:06 pm","105","Pickup","made","1","7b63970a-7362-45ff-854a-c6aa36508685","7cb805f8"
"Port Orange","7/9/26 7:09 pm","133","Pickup","made","1","64ed87b0-8b1d-44ab-801b-063c00a43816","b9bbe31e"
"Port Orange","7/9/26 7:56 pm","143","Pickup","made","1","7ed34083-a23e-410a-9e69-1574d1ba8eb0","cb6e3ff0"
"Port Orange","7/10/26 6:07 pm","143","Pickup","made","1","d24d6a92-9b62-4802-81bb-23638a93c6e4","b0dfbcc4"
"Port Orange","7/10/26 6:47 pm","166","Pickup","made","1","bb2a0b8c-6134-4f09-b31f-015c57190a52","ac583acb"
"Jacksonville","6/21/26 5:30 pm","79","Pickup","made","1","c37d57ef-ee20-4793-abc5-950bb66690c7","f3ff62ec"
"Port Orange","7/12/26 6:31 pm","155","Pickup","made","1","a3cba559-64a4-4c28-916e-e8ed8079929a","0b062108"
"Port Orange","7/13/26 5:58 pm","115","Pickup","made","1","efb94866-9318-4f06-986f-b30b5e8ee48d","239ed0ec"
"Uptown","7/2/26 7:22 pm","1","Pickup","made","1","5a59bbab-2952-4fa7-ae33-08912140f1a5","ee961131"
"Uptown","7/3/26 1:37 pm","38","Pickup","made","1","a817c252-9132-43db-a833-2a5e2d918c6e","4ad36179"
"Uptown","7/3/26 5:13 pm","101","Pickup","made","1","ca467b86-e2c1-4efc-b8db-bf406d61e73a","892df031"
"State Highway Palm Coast","6/1/26 5:43 pm","77","Pickup","made","1","d4002859-e51f-455e-8faf-0c0a36d6136e","1cb0376f"
"State Highway Palm Coast","6/2/26 12:47 pm","25","Pickup","made","1","f37fe798-27e6-4e79-ba8d-c4c3f6ec63cc","dda5bc26"
"State Highway Palm Coast","6/4/26 6:46 pm","106","Pickup","made","1","f6527c4b-bb56-43a8-828e-37d490aa5492","7775908c"
"Jacksonville","6/20/26 6:40 pm","128","Pickup","made","1","a26ae59c-7ea4-44ec-ba5b-0a999e29bea6","b65df275"
"State Highway Palm Coast","6/5/26 4:27 pm","72","Pickup","made","1","b51cd26c-c8c6-4569-81b4-5d155bdaab6b","3a179b55"
"State Highway Palm Coast","6/5/26 4:50 pm","80","Pickup","made","1","f6b1825c-f30b-41a2-8eb3-5818782f9a6f","ff0cfb96"
"State Highway Palm Coast","6/5/26 6:15 pm","135","Pickup","made","1","79cd6c02-336c-49e6-a204-b205e44a24ec","5b3a3d8b"
"State Highway Palm Coast","6/6/26 12:15 pm","8","Pickup","made","1","d4e82628-3428-4bdd-9046-3cf4c86dfc33","bdce8797"
"Uptown","7/13/26 4:58 pm","87","Pickup","made","1","b18c5724-e42a-42c7-a026-b331ddc8e4fd","2b60c4dd"
"State Highway Palm Coast","6/9/26 5:58 pm","68","Pickup","made","1","c9f007a5-2773-43dd-add2-e79a3c4038c1","89c23113"
"Uptown","7/3/26 6:29 pm","169","Pickup","made","1","d29da0f4-e163-4224-85fb-c337d2f892a6","a8264703"
"Uptown","7/3/26 8:08 pm","43","Pickup","made","1","649fd494-5552-41c9-b54d-fc48b24937da","bbc018f9"
"State Highway Palm Coast","6/13/26 1:32 pm","27","Pickup","made","1","b1b8e432-eda8-43a9-8921-e404a42813a2","29f5ad71"
"State Highway Palm Coast","6/13/26 3:45 pm","59","Pickup","made","1","ef42f6c4-9415-44dc-a3ea-145d1114f685","2cb40f6f"
"State Highway Palm Coast","6/13/26 4:21 pm","71","Pickup","made","1","1e22ae5a-4350-4b9a-a15b-d06d3f8b19a2","831bdce2"
"DaytonaBeach","6/9/26 1:11 pm","34","Pickup","made","1","",""
"State Highway Palm Coast","6/15/26 7:44 pm","118","Pickup","made","1","d6847721-1cfb-4f11-bd20-8abe24f8386b","0e12dc01"
"State Highway Palm Coast","6/16/26 5:18 pm","62","Pickup","made","1","b2b6b3b3-251a-48d7-8af9-af0e11c7fba1","fb6e858a"
"State Highway Palm Coast","6/17/26 4:20 pm","57","Pickup","made","1","015d57ea-965b-46f3-a28e-d572af6c44ac","2f444c1a"
"Jacksonville","6/20/26 5:55 pm","106","Pickup","made","1","84a4d9a3-82b7-400a-98a5-2e52aeaec155","ba8c7812"
"State Highway Palm Coast","6/18/26 7:58 pm","148","Pickup","made","1","2274bc3f-0a35-449c-aede-f8acee78e060","5ad8fab7"
"State Highway Palm Coast","6/19/26 4:41 pm","87","Pickup","made","1","b6c441e0-ff68-42ed-b184-caff2044a1f4","2d9623dd"
"State Highway Palm Coast","6/20/26 12:41 pm","18","Pickup","made","1","78fbdebc-fda8-456f-b70f-ca83d9e8edd4","6e17cbb2"
"State Highway Palm Coast","6/20/26 2:22 pm","38","Pickup","made","1","04a6af3d-8b39-4b8f-8eea-bb3a535df03e","63e190f7"
"State Highway Palm Coast","6/20/26 3:29 pm","57","Pickup","made","1","044bbf9e-0384-4989-9200-4aa5cd99ae05","85f09844"
"Jacksonville","6/19/26 6:15 pm","121","Pickup","made","1","e038c4ee-9990-43c4-a927-3f4722dc052f","e311ebe4"
"State Highway Palm Coast","6/21/26 2:57 pm","48","Pickup","made","1","7b604af1-b938-45ab-89b2-0b7bd9529419","bd9187e5"
"Uptown","7/3/26 8:48 pm","65","Pickup","made","1","b902f900-0b78-4299-b6c0-26b36389d19f","e2eb1c53"
"State Highway Palm Coast","6/21/26 4:26 pm","76","Pickup","made","1","2ddb18df-ba5b-4de2-beb7-5a876f4c4a16","43916d66"
"State Highway Palm Coast","6/21/26 5:22 pm","104","Pickup","made","1","ebd6d838-3d6d-48c5-b04b-bb7bc93a8711","2feb1824"
"State Highway Palm Coast","6/22/26 4:39 pm","61","Pickup","made","1","b9999bec-b226-4ea0-8484-42ae80ce3f2c","b48ab52b"
"State Highway Palm Coast","6/22/26 5:58 pm","89","Pickup","made","1","d56264a4-beb0-4f74-8837-cb9ee7f28b29","3e602fc8"
"State Highway Palm Coast","6/24/26 12:51 pm","24","Pickup","made","1","62156b02-9ded-4cb0-bbe4-5977cd1e5ece","dca6bc7e"
"State Highway Palm Coast","6/25/26 12:23 pm","17","Pickup","made","1","c4d57b82-cecf-48ce-b242-c7b8e807bc44","2d35e459"
"Jacksonville","6/19/26 6:13 pm","119","Pickup","made","1","69a2d69d-c93e-47aa-979b-6032b1f4d8aa","09c2f420"
"Jacksonville","6/19/26 2:22 pm","35","Pickup","made","1","27a9e41f-ec0e-4f7d-a524-d28f5242ec3c","f836a080"
"Jacksonville","6/18/26 5:58 pm","90","Pickup","made","1","b7fcead9-a754-4934-92fd-67b3b62f898e","effb5dcd"
"State Highway Palm Coast","6/26/26 7:21 pm","149","Pickup","made","1","e5157f1c-19ba-4465-b259-ee64b2ee29b3","36a302a1"
"State Highway Palm Coast","6/27/26 3:24 pm","39","Pickup","made","1","cf3324b6-67df-4d2a-9fff-cba2f1cc38a1","be589c06"
"State Highway Palm Coast","6/30/26 6:48 pm","115","Pickup","made","1","82a604fd-c377-423c-bcfa-7b71af5722a6","ebe27a7e"
"State Highway Palm Coast","7/1/26 8:32 pm","134","Pickup","made","1","59991356-78bb-4ecb-a1f9-66b4e54f3445","edffc39c"
"State Highway Palm Coast","7/3/26 5:35 pm","123","Pickup","made","1","e76f854f-8164-4c91-a84f-749f92ae9248","f491ae2f"
"State Highway Palm Coast","7/4/26 5:41 pm","98","Pickup","made","1","4b14dd76-8e61-49fc-b647-2a53908741d2","2f2bf241"
"Uptown","7/4/26 4:24 pm","94","Pickup","made","1","15cc7a0d-07df-4637-9ca7-886ba896a204","68851588"
"State Highway Palm Coast","7/9/26 6:26 pm","91","Pickup","made","1","0f7f3138-163b-42d5-9664-07eff8c13aed","070a6d3a"
"State Highway Palm Coast","7/10/26 5:29 pm","85","Pickup","made","1","a80565fc-0833-4f90-be06-02605eb9e5cb","5ece48a6"
"Jacksonville","6/14/26 6:20 pm","97","Pickup","made","1","2d792cb6-4d15-4b49-b85b-637b7a78322f","01767134"
"Uptown","7/4/26 6:00 pm","149","Pickup","made","1","f1462efa-dce0-48a9-a0fa-86edeb0b44b3","98126ed2"
"State Highway Palm Coast","7/11/26 4:38 pm","78","Pickup","made","1","bdaed496-c32b-46ef-abb3-f80741a1bc93","a09e2282"
"State Highway Palm Coast","7/11/26 7:49 pm","166","Pickup","made","1","d998e7cd-8be6-4834-89a6-c030fcec2aa0","1a608257"
"St Augustine","6/5/26 5:00 pm","54","Pickup","made","1","",""
"St Augustine","6/7/26 5:15 pm","71","To Go","made","1","",""
"St Augustine","6/12/26 8:46 pm","11","To Go","made","1","",""
"St Augustine","6/13/26 5:15 pm","87","Pickup","made","1","",""
"St Augustine","6/14/26 5:47 pm","97","Pickup","made","1","",""
"St Augustine","6/15/26 6:18 pm","82","Pickup","made","1","",""
"St Augustine","6/21/26 4:44 pm","64","Pickup","made","1","",""
"St Augustine","7/1/26 7:41 pm","156","Pickup","made","1","",""
"St Augustine","7/2/26 5:45 pm","109","Pickup","made","1","",""
"St Augustine","7/2/26 6:17 pm","131","Pickup","made","1","",""
"St Augustine","7/3/26 7:39 pm","198","Pickup","made","1","",""
"St Augustine","7/5/26 4:48 pm","57","Pickup","made","1","",""
"St Augustine","7/6/26 6:30 pm","124","Pickup","made","1","",""
"St Augustine","7/9/26 2:24 pm","39","Pickup","made","1","",""
"St Augustine","7/9/26 3:23 pm","47","To Go","made","1","",""
"St Augustine","7/12/26 6:52 pm","137","To Go","made","1","",""
"St Augustine","6/15/26 8:38 pm","131","Pickup","made","1","",""
"St Johns","6/3/26 12:05 pm","14","Pickup","made","1","ef1bbfe8-9a81-4e6f-a4c0-b8bf6137b749","674e940d"
"Jacksonville","6/14/26 6:11 pm","95","Pickup","made","1","557ffa6a-ba7a-45f5-9b69-bb4be722fbc0","a942f4ca"
"St Johns","6/3/26 5:58 pm","84","Pickup","made","1","b17010f2-1b35-4b42-8317-0205dfcce83d","3f54ab29"
"St Johns","6/3/26 8:04 pm","128","Pickup","made","1","4cfbf4cc-c048-4a86-b9ca-96df6a2ef9fe","e6130365"
"St Johns","6/4/26 5:50 pm","86","Pickup","made","1","800483e0-362b-4bac-8398-97a008e36dd9","2c7ae282"
"St Johns","6/5/26 3:23 pm","33","Pickup","made","1","c2a9d653-7a5e-4739-bf8f-020a026819ab","dee423fa"
"St Johns","6/5/26 4:12 pm","47","Pickup","made","1","e1531f27-380d-4020-b629-7406cc2ba6dd","e9902392"
"St Johns","6/5/26 4:15 pm","49","Pickup","made","1","6391780e-ce22-43c8-ad08-38e1689a804e","5e3e0faa"
"St Johns","6/5/26 4:28 pm","55","Pickup","made","1","b04722c2-b3b0-48cf-8cab-b974fe3bd649","243ed51c"
"St Johns","6/6/26 12:17 pm","12","Pickup","made","1","934f2222-d76b-4c79-aad9-0e28d4478eb7","3e42f096"
"Uptown","7/4/26 6:46 pm","179","Pickup","made","1","e4888a41-839a-469b-bf44-9e28139d9e12","9cfd2958"
"St Johns","6/6/26 4:46 pm","70","Pickup","made","1","c563b0e3-4725-4721-a764-88837bc0a58a","c02350be"
"St Johns","6/6/26 5:44 pm","107","Pickup","made","1","a3e52210-63be-43a6-997e-4651f9204bab","7983aad1"
"St Johns","6/7/26 5:12 pm","77","Pickup","made","1","b8009c26-40bf-4f60-adfc-27c85af46074","682763a1"
"Uptown","7/4/26 8:18 pm","32","Pickup","made","1","409db6e5-14c7-4020-adb1-74a2023cf048","7c1edb23"
"Jacksonville","6/12/26 5:24 pm","96","Pickup","made","1","15e011c7-012d-4b4f-8c4c-2d7427deccc4","192bbbfb"
"St Johns","6/11/26 6:32 pm","107","Pickup","made","1","20c99b72-32db-4d81-b3f0-eda3a6c97e98","6f076bb5"
"Uptown","7/5/26 6:09 pm","161","Pickup","made","1","6027f13a-2d16-48fd-a8ee-3a5f7c856fbc","f0674028"
"Jacksonville","6/11/26 6:33 pm","79","Pickup","made","1","3f2c85f8-d172-408b-a988-d9c86e8a68d4","5456fb71"
"St Johns","6/16/26 3:58 pm","30","Pickup","made","1","c25643fa-cb10-4592-b003-a6295bbdf1f4","8a57e0ea"
"St Johns","6/17/26 11:09 am","1","Pickup","made","1","39b88560-b8ab-4922-8d12-8bd21b2da35a","0c7f58e0"
"St Johns","6/17/26 2:15 pm","39","Pickup","made","1","fa102da6-56ab-4847-8986-cbd419f61681","ad22ccd1"
"St Johns","6/17/26 5:14 pm","79","Pickup","made","1","2674135c-0922-479b-946d-aed60d271192","3eb8efc2"
"Jacksonville","6/8/26 5:15 pm","52","Pickup","made","1","b7801b73-3089-4417-aebb-93f1e6e0d6e0","1a8fae6e"
"Uptown","7/5/26 7:52 pm","9","Pickup","made","1","757ee8d5-6f8c-48c4-83b8-6458635bbdbb","451679fe"
"St Johns","6/19/26 11:10 am","3","Pickup","made","1","d039ca0f-f947-4810-8071-f8916c40c38a","1952d0d9"
"St Johns","6/19/26 11:25 am","5","Pickup","made","1","a5c60cdd-bf82-406e-8154-c41e9399b022","789780c6"
"St Johns","6/20/26 11:32 am","6","Pickup","made","1","08d461a2-fb0a-4212-8d53-8a79ce6bc088","dce93cbe"
"Jacksonville","6/7/26 3:52 pm","42","Pickup","made","1","d9762a26-8ce1-4787-a5f9-93c34316591d","b504cb01"
"Uptown","7/6/26 6:19 pm","124","Pickup","made","1","28946366-69ec-4760-b956-9babaa07cdda","764bfcff"
"St Johns","6/21/26 6:02 pm","105","Pickup","made","1","f2c9a471-8270-4148-9681-a9e5e363c2e4","1db3a1ae"
"Uptown","7/6/26 6:45 pm","144","Pickup","made","1","6740b822-c8ae-4e81-982d-7d2ee758845e","616e6942"
"St Johns","6/23/26 4:04 pm","38","Pickup","made","1","73e35c1c-f83b-4408-b0a7-a0de0c0eae9c","fb08042b"
"Uptown","7/7/26 5:14 pm","64","Pickup","made","1","9ba3a16c-78ff-4665-adfa-4e1d71cc8aa2","696e4ca9"
"St Johns","6/24/26 4:11 pm","40","Pickup","made","1","81c66fd8-07eb-4348-9a27-1a8a5322263c","cf9ab930"
"St Johns","6/24/26 5:46 pm","77","Pickup","made","1","37e618ee-3227-4fe6-86dd-105a69734ba5","b0fd1422"
"St Johns","6/24/26 5:49 pm","81","Pickup","made","1","8a1be668-e172-4a67-bd38-37b21096057b","ef4b1a41"
"St Johns","6/24/26 6:31 pm","97","Pickup","made","1","a75ceb4a-2dad-4bdf-958d-b16f5e9125dc","e2f5228e"
"St Johns","6/26/26 3:31 pm","49","Pickup","made","1","6edf2744-cdc0-4c5c-9113-9bf24037b38a","445f2a59"
"St Johns","6/26/26 5:07 pm","105","Pickup","made","1","805cefbd-05db-458e-9e8a-975a736d16c8","ca57f48d"
"Jacksonville","6/7/26 2:35 pm","33","Pickup","made","1","bd8edd08-f093-4fc5-979c-7de609e25971","d0d42889"
"St Johns","6/27/26 4:57 pm","92","Pickup","made","1","e4faba96-992a-4830-b2af-c3d0a66f5d32","db506f55"
"St Johns","6/27/26 6:07 pm","152","Pickup","made","1","0a1ce089-9381-46aa-9863-79e9890ac2cb","672f5bfc"
"St Johns","6/28/26 4:42 pm","65","Pickup","made","1","5a5b497c-670a-472b-9c90-16d7f4c95510","be56231a"
"St Johns","6/29/26 2:56 pm","22","Pickup","made","1","26cd6a61-27aa-4627-9cc4-4fb85af975eb","7fbfe64a"
"St Johns","6/29/26 4:07 pm","26","Pickup","made","1","d5bf6acc-96b8-46a8-8883-70745bbd4867","db78cd85"
"St Johns","6/30/26 11:43 am","3","Pickup","made","1","10bfc678-f2aa-4c23-8cc9-8c9d683b07a9","2762553b"
"St Johns","6/30/26 12:43 pm","11","Pickup","made","1","dde7667e-369f-4bd9-bfca-f57f702e878c","1f6d0043"
"St Johns","6/30/26 6:59 pm","89","Pickup","made","1","afe63c30-b2d6-4963-a348-b93045f39bf3","fec46626"
"Uptown","7/8/26 4:16 pm","47","Pickup","made","1","9b006653-809c-4065-acff-3d4906153cb8","79a72dce"
"St Johns","7/1/26 5:19 pm","84","Pickup","made","1","86157834-1759-47a5-9533-b31d1106c769","aa93415d"
"St Johns","7/1/26 5:42 pm","97","Pickup","made","1","0cfa2b41-eaff-43b9-9f86-e21883236fd5","d0e31ae7"
"St Johns","7/1/26 6:26 pm","121","Pickup","made","1","fa5ac390-e677-4fae-8bb8-31fd9f905105","dd30d31e"
"St Johns","7/2/26 4:37 pm","43","Pickup","made","1","ca2acd07-5c0f-4c21-83e5-21f1cfc6af39","26175952"
"St Johns","7/2/26 4:55 pm","51","Pickup","made","1","270afac6-99b8-4629-a54e-9b455866045a","8e3be728"
"St Johns","7/3/26 12:48 pm","16","Pickup","made","1","06d4729e-ca2d-4985-8f6f-6358450064c3","69587945"
"Uptown","7/9/26 12:55 pm","22","Pickup","made","1","c045451d-9c60-4164-bff0-92aff57c7161","70441c91"
"St Johns","7/4/26 5:14 pm","63","Pickup","made","1","12007aa5-04c8-4319-bb2c-339264608d94","f34585a7"
"St Johns","7/4/26 5:47 pm","75","Pickup","made","1","d5b4458a-6896-4236-87b9-6563712a86a7","c5d5bc5a"
"St Johns","7/4/26 6:17 pm","96","Pickup","made","1","cb8ae374-946f-4a49-98b1-9af851b1d1a7","4870a366"
"Uptown","7/9/26 5:12 pm","69","Pickup","made","1","573bc0e1-a4eb-4a53-8c25-7c436d4bc2fc","95916639"
"St Johns","7/6/26 5:14 pm","78","Pickup","made","1","5b4b8c4e-7afd-4b8e-8977-d99444427173","103d8109"
"St Johns","7/6/26 8:21 pm","172","Pickup","made","1","6392127b-1f52-4e74-ad02-0db0e2cb9993","6a17f348"
"St Johns","7/7/26 12:00 pm","11","Pickup","made","1","b7f788f5-9c92-4f83-af42-db572d0aa93a","545d3d99"
"Jacksonville","6/5/26 6:10 pm","137","Pickup","made","1","003f7cc5-27c5-4d60-b6d7-fd33cd0ae5fe","ffc10d6b"
"St Johns","7/8/26 1:09 pm","19","Pickup","made","1","9463487c-8dc1-4317-9e9d-e1dc7f916b05","02ed6d46"
"St Johns","7/8/26 3:10 pm","28","Pickup","made","1","77f6bc1e-29b5-430c-983c-143c87ebfdff","3a4b3d77"
"St Johns","7/8/26 4:15 pm","45","Pickup","made","1","a12cbd15-a99d-4d6e-8c88-916e5c30d67a","ee66dc26"
"Jacksonville","6/2/26 6:29 pm","89","Pickup","made","1","2b199846-5990-4604-95d6-f0cb96418b14","5609a55a"
"Uptown","7/9/26 6:11 pm","93","Pickup","made","1","ecb382ae-d122-4d66-8b61-4884f1d58044","4b6a9d3a"
"St Johns","7/10/26 6:11 pm","175","Pickup","made","1","4b1e8b88-a225-4ee8-b7b6-c7ad800015bd","01083f9a"
"St Johns","7/11/26 4:36 pm","76","Pickup","made","1","227d3211-42e5-4d38-a6d7-88b3718ae009","7d28f425"
"Uptown","7/9/26 6:34 pm","111","Pickup","made","1","acb6b9ae-f83a-4b68-bfe8-ef20bdf615bd","d8293068"
"Uptown","7/9/26 7:03 pm","130","Pickup","made","1","57494fe0-f710-4349-a8be-2b4cc4b76dba","0b942623"
"St Johns","7/13/26 5:49 pm","78","Pickup","made","1","fa3d21dc-6fb1-41c8-87f4-8548908200d2","69561119"
"Uptown","6/1/26 6:14 pm","87","Pickup","made","1","0f9f0696-a3a0-490e-ac85-4010d509f6db","b2286245"
"Jacksonville","6/2/26 6:14 pm","83","Pickup","made","1","1e242cc0-d76e-4b0f-ba7f-5e7bc3a12ce6","d30f52d5"
"Uptown","6/2/26 7:46 pm","164","Pickup","made","1","2fc98a97-36f8-47d3-92de-7ac9663c1f93","28e83961"
"Uptown","6/2/26 8:09 pm","179","Pickup","made","1","3ec697a8-73c5-4e00-a8b8-a1aeca1e484f","8bc48a03"
"Uptown","6/3/26 4:47 pm","68","Pickup","made","1","b568596b-57fe-4e3c-b3e2-4f618904de01","adf3a90a"
"Uptown","6/5/26 6:48 pm","179","Pickup","made","1","c5e990b1-53d1-47ae-b450-d7735799607d","2864bc0f"
"Uptown","6/5/26 8:18 pm","39","Pickup","made","1","03d1ba78-2f75-44b9-983f-788c520912bc","70fc44c6"
"Uptown","6/6/26 6:47 pm","156","Pickup","made","1","7d7ab5ec-a548-4f37-a12f-3ece1455f6cf","12d43f43"
"Uptown","7/10/26 4:10 pm","70","Pickup","made","1","edb2a40c-39e2-4323-bb8a-c2429f9baa8c","29f5700f"
"Uptown","6/6/26 9:23 pm","36","Pickup","made","1","546d711c-e86d-4676-9f87-c459abd815c6","6b336dbe"
"Uptown","6/7/26 3:07 pm","59","Pickup","made","1","5e7d1d7c-4fde-4637-b7fd-618665d8447c","9f694167"
"Uptown","6/7/26 3:07 pm","60","Pickup","made","1","7196b348-c066-44e9-8009-14cde44aac31","1ba3f1ac"
"Uptown","6/8/26 4:41 pm","50","Pickup","made","1","db44e2aa-3a74-42e3-96c8-ad9bd44a5e6a","f45a7aa6"
"Uptown","7/10/26 5:34 pm","123","Pickup","made","1","801e4b14-3311-4ec6-bbbd-0931996a2b24","e40b341d"
"Uptown","6/9/26 6:32 pm","100","Pickup","made","1","27268c1f-a04d-4224-87b4-88e681664833","e355ccee"
"Jacksonville","6/1/26 6:41 pm","80","Pickup","made","1","da8163e0-5d84-486e-94a2-5b9ed9357a32","6881d579"
"Uptown","6/10/26 6:38 pm","122","Pickup","made","1","6c8a60de-e385-426c-b996-3da936c6c756","a6e4b230"
"Uptown","6/11/26 4:25 pm","57","Pickup","made","1","5543264b-8cd9-4ae1-8b5f-ac0234861c9f","57064f63"
"Uptown","6/11/26 5:11 pm","74","Pickup","made","1","484b8121-b07a-4707-904f-dd9d6420df92","5b09bb38"
"Uptown","6/12/26 11:39 am","8","Pickup","made","1","4fdcb8dc-ba61-4f1e-8cfc-25084e77e852","5faac49c"
"Uptown","7/10/26 6:53 pm","186","Pickup","made","1","a7ced46c-2f59-437a-aba7-27bf74ecded3","57f9d76a"
"Uptown","6/12/26 5:13 pm","87","Pickup","made","1","df79e9e1-5574-43a7-99dd-605e1c2f9dc5","0f418e20"
"Jacksonville","6/1/26 5:38 pm","53","Pickup","made","1","321c8832-6ee6-47a4-814e-fca8513ccbb3","671f2985"
"Uptown","6/12/26 5:39 pm","101","Pickup","made","1","cbbcc39c-66cf-4d1e-93e9-28336435dccf","bfd69837"
"Uptown","6/12/26 8:33 pm","27","Pickup","made","1","42a45a76-14f1-45e9-9dcd-47021b32bb75","4b2fd42b"
"Uptown","6/13/26 7:28 pm","47","Pickup","made","1","08091929-1a33-48e4-974b-9508835a8db0","8e1efc8c"
"DaytonaBeach","7/13/26 5:32 pm","72","Pickup","made","1","",""
"DaytonaBeach","7/3/26 7:16 pm","136","Pickup","made","1","",""
"Uptown","6/15/26 6:05 pm","93","Pickup","made","1","8711527f-7e32-426b-b9c6-30405400439c","c78237b4"
"Uptown","6/15/26 6:16 pm","97","Pickup","made","1","c4c69714-19a4-47be-bc8f-e1113dddd8f9","27237538"
"Uptown","6/16/26 5:13 pm","89","Pickup","made","1","807fa42b-0918-46d2-830e-3cb6f6f28354","13431517"
"DaytonaBeach","6/10/26 7:42 pm","116","Pickup","made","1","",""
"Uptown","6/16/26 8:29 pm","186","Pickup","made","1","151b5a8b-6c41-4ee7-884d-87943015c818","f9c9b38a"
"Uptown","6/17/26 5:04 pm","51","Pickup","made","1","88f9926a-8a28-42e3-ab4d-29f43ebc1806","6c4c69b7"
"Uptown","6/17/26 8:20 pm","151","Pickup","made","1","8b9a795b-31ae-466d-b616-f616cd185cb3","b9cd519f"
"Uptown","6/19/26 4:33 pm","90","Pickup","made","1","4f0165c2-3c68-41cd-ba56-fc4c09dccf0d","afd22cde"
"DaytonaBeach","6/12/26 7:49 pm","170","Pickup","made","1","",""
"DaytonaBeach","6/6/26 5:27 pm","93","Pickup","made","1","",""
"Uptown","6/20/26 7:48 pm","3","Pickup","made","1","33bf210d-cbfd-4279-a2d6-3fee17688c32","44c1e8dc"
"Uptown","6/21/26 4:04 pm","72","Pickup","made","1","65606356-0ec1-44d9-8a02-8b2eff58eb91","fa1582dc"
"Uptown","6/21/26 4:17 pm","79","Pickup","made","1","cbb41af0-9ea1-49a6-aa33-a0cca75bdd98","eb1eb98a"
"Uptown","6/21/26 5:34 pm","124","Pickup","made","1","5a0664e6-4a2a-4fbb-8a55-e1fe4dd55ee9","5b2a5ffb"
"Jacksonville","7/12/26 3:42 pm","55","Pickup","made","1","d732d0a4-ed43-45ce-9b7a-f2c100e4d214","0a229639"
"Jacksonville","7/12/26 5:01 pm","79","Pickup","made","1","9af6e5f7-6040-43ec-b3a0-69640c8fc066","fbb8d3bf"
"Jacksonville","7/12/26 6:54 pm","136","Pickup","made","1","547ff006-38ab-41a1-a98d-d5d78a9eb30c","f8f2c20f"
"Jacksonville","7/13/26 6:12 pm","65","Pickup","made","1","979eb14e-e4fe-417d-8452-aeb71ebf787b","219b97b7"
"Lake Mary","6/3/26 3:00 pm","74","Pickup","made","1","33ffd2b4-9f3d-46fd-8ae4-cadb64866b16","095b0d0b"
"Lake Mary","6/3/26 6:29 pm","156","Pickup","made","1","f8233805-13ee-47f0-8808-817018ae645c","08fcbaaf"
"Lake Mary","6/3/26 6:39 pm","168","Pickup","made","1","078384f1-7fd0-418e-847f-6a7f7d24a5a2","607574df"
"Lake Mary","6/4/26 12:47 pm","32","Pickup","made","1","5c21bd04-9899-4f32-a68b-39322173306f","4f37df0b"
"Lake Mary","6/4/26 3:52 pm","63","Pickup","made","1","1860fb72-3e3f-437c-9074-19caf87f8485","6bc0b309"
"Lake Mary","6/4/26 4:51 pm","77","Pickup","made","1","f4b7c7bd-e3e6-47bd-b067-9fbb0936e01a","a4133b85"
"Lake Mary","6/4/26 7:04 pm","146","Pickup","made","1","3c911ea3-b60d-42e2-bdc3-d1621fc3e154","e8939d3e"
"Lake Mary","6/4/26 8:10 pm","176","Pickup","made","1","78137f27-5915-4330-ab47-e27909f09297","be53f5b2"
"Lake Mary","6/5/26 6:41 pm","47","Pickup","made","1","875d9ec7-6a97-4663-8ba9-8dfaa098ec92","bfb05f33"
"Lake Mary","6/6/26 5:08 pm","107","Pickup","made","1","684f4625-8b4f-4e49-bc6a-4e9c9e64d6c5","caaa2924"
"Uptown","6/21/26 8:26 pm","28","Pickup","made","1","3cc59bb7-a327-4b06-9c63-769d0c2e74e2","fffd0f63"
"Lake Mary","6/7/26 1:33 pm","36","Pickup","made","1","d696cec3-b465-4f7c-9715-153354165b97","41e52498"
"Lake Mary","6/10/26 6:44 pm","134","Pickup","made","1","9971cb8e-ae2c-4ebe-b66c-a86329e7e323","857ad6c6"
"Lake Mary","6/11/26 4:13 pm","77","Pickup","made","1","9066a995-a38c-4059-acd2-a08acdc63f40","7edcc8ea"
"Lake Mary","6/11/26 4:49 pm","89","Pickup","made","1","f2c6c269-1101-4070-b550-c8ec799dbe9b","8ceac780"
"Lake Mary","6/13/26 2:09 pm","52","Pickup","made","1","238e7407-615b-47cf-a93f-133efedb249a","aea855e9"
"Lake Mary","6/13/26 5:06 pm","122","Pickup","made","1","f3087e2d-0163-4777-8ee8-3ce7e3477c80","d953ec7a"
"Lake Mary","6/13/26 6:51 pm","12","Pickup","made","1","cf92c5f1-9200-4b80-bb58-0b5b35cecb6a","299db595"
"Lake Mary","6/14/26 3:09 pm","71","Pickup","made","1","81c40be1-be5d-4d3d-a1bf-079871e45599","a8286b9a"
"Lake Mary","6/14/26 4:11 pm","100","Pickup","made","1","bcf91348-23fb-4f5f-930e-565a2c9a49fa","89186e87"
"Jacksonville","7/10/26 7:30 pm","172","Pickup","made","1","0af8b019-3f3a-484f-8f74-488c7309356e","59465867"
"Lake Mary","6/15/26 6:28 pm","113","Pickup","made","1","eefdeb06-377a-44da-8350-c23418bf9f4b","13c95ed4"
"Lake Mary","6/17/26 4:45 pm","88","Pickup","made","1","c324307e-d566-41cd-9b2d-6324fd1f7b25","dfeb66bf"
"Lake Mary","6/19/26 12:33 pm","27","Pickup","made","1","1fd5a015-545a-4571-a874-a25a5b1da78e","16e8b30b"
"Lake Mary","6/20/26 2:27 pm","84","Pickup","made","1","e053e705-113b-415a-87cd-b1789ad82bc0","2abbda2b"
"Lake Mary","6/20/26 5:06 pm","143","Pickup","made","1","478d38ab-4de6-4133-ba77-dc3532ac0710","c04b6d72"
"Lake Mary","6/20/26 6:39 pm","196","Pickup","made","1","05e1d906-e00d-44a7-83de-a88065c6c73c","70dab2f2"
"Lake Mary","6/20/26 7:45 pm","44","Pickup","made","1","8c818efa-f50d-4773-bd9a-459561df29cf","481f1c69"
"Lake Mary","6/20/26 8:14 pm","57","Pickup","made","1","a89f590e-5e5b-443d-8eb9-8863753f9d34","efcd6878"
"Lake Mary","6/21/26 6:33 pm","27","Pickup","made","1","a52f65f1-bc80-45b5-a2d7-8935f4cffbb1","094544f7"
"Lake Mary","6/22/26 3:28 pm","62","Pickup","made","1","e5594918-4cf7-444c-b998-0959e9169bb1","ec4e8643"
"Lake Mary","6/23/26 7:07 pm","139","Pickup","made","1","ed2de456-26bc-4b9d-8bed-74de11dcac3c","616ef70b"
"Uptown","6/22/26 6:28 pm","92","Pickup","made","1","1feb59b9-d039-481c-b7f3-845947fd7587","a1991bfe"
"Lake Mary","6/24/26 8:25 pm","195","Pickup","made","1","e59b864c-df57-4d5a-b724-eb7fe8d42731","c83feee2"
"Lake Mary","6/25/26 6:15 pm","141","Pickup","made","1","ec40a763-4f17-4b18-a0a5-cf76ec898a52","adba756f"
"Lake Mary","6/26/26 5:50 pm","168","Pickup","made","1","69ec8cf4-4e51-4a54-914f-2c80caaa1e73","d77e580e"
"Uptown","6/23/26 11:14 am","4","Pickup","made","1","92933d13-ec30-43ff-b918-2739524c7871","162e371a"
"Jacksonville","7/10/26 5:45 pm","100","Pickup","made","1","65ca0709-e6c8-4a33-a2b6-d33c6247fe41","86a7fa8f"
"Lake Mary","6/27/26 5:55 pm","163","Pickup","made","1","39457a29-96a3-491b-be72-308d719606f5","87e8d85f"
"Lake Mary","6/27/26 7:22 pm","50","Pickup","made","1","aa099182-4934-4205-8dfa-bfe06b4b305d","86e286f1"
"Lake Mary","6/27/26 7:30 pm","56","Pickup","made","1","f9427c00-6b4a-4d59-a1de-f1755e5282e0","d0c3963b"
"Lake Mary","6/28/26 5:26 pm","113","Pickup","made","1","7a3a425b-6db9-49f4-bd36-a2837506529a","d121dc6a"
"Lake Mary","6/29/26 5:45 pm","104","Pickup","made","1","bdd16d6f-0a3e-43af-986c-92d2cc854eb4","0812b093"
"Lake Mary","7/1/26 2:12 pm","55","Pickup","made","1","44e6913f-95a0-44dc-8653-7e0669b31693","4619ae97"
"Lake Mary","7/1/26 6:43 pm","143","Pickup","made","1","096e690c-7383-480d-9e9d-557969616ad3","67c59c07"
"Jacksonville","7/10/26 5:13 pm","73","Pickup","made","1","0a0a28b2-af38-4757-9875-7822831fdaea","bcc0b55e"
"Lake Mary","7/2/26 6:46 pm","159","Pickup","made","1","e62ecbff-5fe5-4201-82af-1a1217f9be29","15c76fa0"
"Lake Mary","7/3/26 4:45 pm","119","Pickup","made","1","732c8a5e-b157-4053-b995-2e80cb8e8e33","7f89cc60"
"Lake Mary","7/5/26 4:42 pm","93","Pickup","made","1","c1570c15-a332-45f4-aed3-838444080701","74d3ea8a"
"Lake Mary","7/5/26 6:53 pm","181","Pickup","made","1","aec17590-6b56-4284-97e4-f45d18fc1b91","40ece7ac"
"Lake Mary","7/6/26 7:03 pm","160","Pickup","made","1","eec978cc-db37-42d1-9539-0011c5819982","ca6ae434"
"Lake Mary","7/7/26 6:04 pm","101","Pickup","made","1","32b55401-81b4-44a6-b1c1-d69befd2c543","e5b59ad6"
"DaytonaBeach","6/5/26 6:44 pm","141","Pickup","made","1","",""
"Lake Mary","7/9/26 7:51 pm","199","Pickup","made","1","77d76123-a936-46e5-ad80-0200272c75d4","07382b97"
"Lake Mary","7/10/26 11:37 am","13","Pickup","made","1","0c6b9ef0-806f-4eca-b230-8aae3e7c47bb","ace0a09b"
"Lake Mary","7/10/26 5:56 pm","192","Pickup","made","1","e03b12b4-08ee-4eb6-be4a-d939fadb594a","bdfad7f7"
"Lake Mary","7/11/26 3:52 pm","91","Pickup","made","1","1ad492bc-48ca-4d84-a896-3d598db39e07","b13e56c6"
"Lake Mary","7/10/26 7:31 pm","89","Pickup","made","1","35373a00-8bf6-470b-a0d6-c2227381b528","dc3a7baa"
"Lake Mary","7/11/26 4:34 pm","105","Pickup","made","1","e76b2d5f-046e-4c8d-8633-c4e61f426ace","84a924e6"
"Lake Mary","7/11/26 4:37 pm","107","Pickup","made","1","b543b548-4f7e-4dee-a3ee-e344cb6381f7","7cf749a0"
"Lake Mary","7/11/26 7:23 pm","24","Pickup","made","1","40f91db9-d49f-46f1-86a7-4cb91bc9900b","1f6c7101"
"Lake Mary","7/11/26 8:18 pm","54","Pickup","made","1","18e6bda3-85e4-49b4-9de2-91887584f6bc","b123a709"
"Jacksonville","7/10/26 4:33 pm","54","Pickup","made","1","3bc1f762-103d-42eb-932e-8f082dcaffe6","8cad0022"
"Lake Mary","7/13/26 6:34 pm","117","Pickup","made","1","354ebc13-4fc2-4a3b-a7de-e3c561d9b4c0","6d7067c9"
"Nocatee Ponte Vedra","6/3/26 4:45 pm","74","Pickup","made","1","27d9e213-1ca9-4f83-a7be-5a70f47b26a8","50093e47"
"Nocatee Ponte Vedra","6/3/26 5:54 pm","121","Pickup","made","1","b3ec2833-7e5c-47c8-b2d9-0e5ea4fc0494","c00f7c15"
"Nocatee Ponte Vedra","6/4/26 4:13 pm","45","Pickup","made","1","a2153aee-9947-4c46-869b-4b7d39ca6970","29e5583b"
"Uptown","6/24/26 5:12 pm","86","Pickup","made","1","4f401ccb-56f2-4bb0-85f0-306e0a8e5b99","1bb83ddf"
"Nocatee Ponte Vedra","6/6/26 7:03 pm","170","Pickup","made","1","140be79a-2278-4c01-90fa-54b0fa3cd540","46649d42"
"Uptown","6/24/26 6:52 pm","130","Pickup","made","1","5df9f75b-1e98-460b-b76e-92d81fd8e296","048b9d70"
"Nocatee Ponte Vedra","6/9/26 4:48 pm","53","Pickup","made","1","7ef9a324-0510-4915-9bc7-cc3b56374763","ff07dda6"
"Nocatee Ponte Vedra","6/10/26 3:50 pm","37","Pickup","made","1","94c74179-4038-489b-92b0-ad81e3a9f53f","c6647cfe"
"Nocatee Ponte Vedra","6/12/26 11:36 am","5","Pickup","made","1","80038eee-1ee3-4a45-baed-265199aa819f","fd9b1f87"
"DaytonaBeach","6/27/26 9:23 pm","7","Pickup","made","1","",""
"Nocatee Ponte Vedra","6/14/26 2:54 pm","28","Pickup","made","1","34a0afb4-a7c0-41ee-8989-5f281f473120","f02239c4"
"Nocatee Ponte Vedra","6/14/26 5:32 pm","111","Pickup","made","1","f89a9cb0-43d1-4141-8ed1-84dceaeefa23","02ffbc04"
"Nocatee Ponte Vedra","6/15/26 5:40 pm","84","Pickup","made","1","762fc481-ecb9-4fa6-ba39-48000782524d","2f4a4849"
"Nocatee Ponte Vedra","6/16/26 8:08 pm","168","Pickup","made","1","f1a4dd31-9f6e-4cb6-a80c-a38779850084","0598a743"
"Nocatee Ponte Vedra","6/18/26 4:54 pm","63","Pickup","made","1","2e79ec95-9767-4657-b5ef-1b74391113cb","039ba68e"
"Nocatee Ponte Vedra","6/18/26 4:58 pm","66","Pickup","made","1","112b54a4-ebb1-461c-9a38-226690767301","ccfd2a58"
"Jacksonville","7/9/26 12:45 pm","15","Pickup","made","1","4acc76fd-2d89-48b1-98b6-e74ba075601e","40851f29"
"Nocatee Ponte Vedra","6/24/26 7:32 pm","161","Pickup","made","1","f8af02e0-90b6-45cc-b662-8d38f0bf4f02","ea4e28bc"
"Nocatee Ponte Vedra","6/25/26 5:41 pm","114","Pickup","made","1","2ed60dc1-17e9-4dd4-90a4-90645550c9fa","b3a0af4c"
"Nocatee Ponte Vedra","6/26/26 5:22 pm","163","Pickup","made","1","e2f8e921-f3f9-403a-8a39-807518e37aba","ed581fb2"
"Nocatee Ponte Vedra","6/26/26 6:04 pm","27","Pickup","made","1","c5bc74a1-1242-487c-862e-43e5463229a2","61d54db1"
"Nocatee Ponte Vedra","6/27/26 4:25 pm","61","Pickup","made","1","06385080-e8e4-464b-bc59-97c6d86cb352","ea2f12f3"
"Nocatee Ponte Vedra","6/27/26 4:27 pm","64","Pickup","made","1","e22b1fdd-924c-465e-8f23-d994e00abefd","450a06b3"
"Nocatee Ponte Vedra","6/27/26 7:51 pm","35","Pickup","made","1","5e6eb11f-4d23-4268-9027-8000cf39a056","42becd89"
"Uptown","6/26/26 3:29 pm","60","Pickup","made","1","49060ebd-5d9e-4007-ae17-884c4d29a998","d86e90b9"
"Nocatee Ponte Vedra","7/1/26 12:05 pm","12","Pickup","made","1","f8cf0388-62fe-40d4-85af-10fcd59d8f57","3d902725"
"Nocatee Ponte Vedra","7/1/26 4:04 pm","52","Pickup","made","1","e3fca562-c1b4-4aab-bbb0-f38cfcb47423","19ede529"
"Nocatee Ponte Vedra","7/1/26 6:06 pm","137","Pickup","made","1","fec4bf64-9aab-4c89-8088-e4765c3ece5e","dbbf904c"
"Nocatee Ponte Vedra","7/2/26 6:09 pm","149","Pickup","made","1","0af98378-2b88-47de-a48e-c79932fdf0fb","2e540a30"
"Nocatee Ponte Vedra","7/2/26 6:50 pm","190","Pickup","made","1","ea2400d1-3ba8-45ef-9e44-53c9c04aa6e3","0e7423c2"
"Nocatee Ponte Vedra","7/3/26 6:44 pm","197","Pickup","made","1","a52d4fe6-7782-4829-88d9-203162a2ae5d","8fff96e0"
"Nocatee Ponte Vedra","7/3/26 8:12 pm","68","Pickup","made","1","138989a1-186d-4d39-ac14-a4930c6dce55","9d83cc47"
"Nocatee Ponte Vedra","7/4/26 4:23 pm","55","Pickup","made","1","ebdc0f01-c95a-477d-a46f-2e0ad1df8b11","73f4fddc"
"Nocatee Ponte Vedra","7/6/26 4:26 pm","45","Pickup","made","1","5dc6e1d6-fd7d-4b56-b172-581e470e9c65","b0282ecf"
"Nocatee Ponte Vedra","7/6/26 7:21 pm","161","Pickup","made","1","b1a9e19f-bde7-4e74-8f77-523ca266ee52","d16a40a0"
"Nocatee Ponte Vedra","7/8/26 6:04 pm","119","Pickup","made","1","aa120eec-4528-4c38-aaf5-2e7e447031a6","529e55ef"
"Nocatee Ponte Vedra","7/9/26 6:36 pm","149","Pickup","made","1","359e044e-6c55-49ae-acce-66d69a076232","41b650ac"
"Nocatee Ponte Vedra","7/10/26 6:27 pm","60","Pickup","made","1","1960e4cf-8fba-46bb-ad12-f520840d13ec","2e70aa8d"
"Nocatee Ponte Vedra","7/11/26 5:47 pm","123","Pickup","made","1","b804b18c-9633-42ca-abb7-273c3ef7073b","febbbad7"
"Nocatee Ponte Vedra","7/12/26 5:07 pm","109","Pickup","made","1","a3708867-49da-46eb-a029-4677f1bff2da","9c8e6719"
"Nocatee Ponte Vedra","7/12/26 6:20 pm","153","Pickup","made","1","f12824ff-1a5a-40fd-89ec-1b13f27451de","704f3a4b"
"Nocatee Ponte Vedra","7/13/26 3:09 pm","28","Pickup","made","1","35163480-ff40-4ecf-a44a-892c5218a4da","bbe68d9d"
"Nocatee Ponte Vedra","7/13/26 8:11 pm","144","Pickup","made","1","7bc70f34-0d34-481d-899e-80b1fc8c949b","4ca1b9f6"
"Jacksonville","7/5/26 2:13 pm","26","Pickup","made","1","e8bb7708-7435-4066-931b-d67fb6f6d230","c1c2a250"
"Ocean Shore","6/4/26 8:10 pm","199","Pickup","made","1","ff7f38f0-9c4c-4d3c-ad62-862c31412760","d2a45c9f"
"Ocean Shore","6/5/26 3:35 pm","50","Pickup","made","1","2c347a1f-84cb-484b-a805-341f45e5327d","3d8d59b0"
"Ocean Shore","6/6/26 3:54 pm","54","Pickup","made","1","d8e191c0-a240-4491-9208-c503594bac5f","f84406c9"
"Ocean Shore","6/6/26 4:09 pm","63","Pickup","made","1","d6cba37b-0093-48e4-95cb-9667e614083d","2a5ce2ee"
"Ocean Shore","6/8/26 4:19 pm","56","Pickup","made","1","c12b3585-9a86-4f73-84e2-8e18f538883f","246c5b1a"
"Ocean Shore","6/8/26 6:22 pm","112","Pickup","made","1","0b2f3efa-b799-492d-8957-24d08f56f3a0","219a51cc"
"Ocean Shore","6/8/26 6:57 pm","134","Pickup","made","1","b26467d8-75eb-45c2-a439-8f0e6932a8d4","29ba47ca"
"Ocean Shore","6/9/26 6:10 pm","84","Pickup","made","1","40625e21-7c33-48fe-b4c4-eed1009cbe5d","59dcea8c"
"Ocean Shore","6/10/26 2:29 pm","24","Pickup","made","1","b836cc0e-4ac3-4c07-827e-a2523ee4dfe5","5d493b13"
"Ocean Shore","6/10/26 5:41 pm","61","Pickup","made","1","30ac7d50-78c7-4b59-a835-d0d93b4b40ef","2bb45a35"
"Ocean Shore","6/11/26 6:57 pm","147","Pickup","made","1","5c34d662-fc6f-4aa2-a1ab-ae745e683d1e","300dddac"
"Ocean Shore","6/11/26 8:30 pm","188","Pickup","made","1","ace3c788-b8a9-42b6-b7ef-3a06b4884b67","f8d7adeb"
"Ocean Shore","6/12/26 11:21 am","3","Pickup","made","1","f6ad75bf-12ad-401b-bbe8-ffb7e53648b5","295dbb76"
"Ocean Shore","6/13/26 3:35 pm","66","Pickup","made","1","b8799844-6147-406d-8375-44d354f820fc","272ae691"
"Ocean Shore","6/13/26 5:23 pm","131","Pickup","made","1","a1730588-f49b-49d8-a1f1-64069ef8b294","c66a9401"
"Ocean Shore","6/14/26 5:57 pm","142","Pickup","made","1","63ec996a-61ed-4352-9e60-e9594aed3707","e36d6f67"
"DaytonaBeach","6/24/26 7:42 pm","112","Pickup","made","1","",""
"Ocean Shore","6/16/26 5:26 pm","78","Pickup","made","1","55c1ef2f-cd2f-478e-8d4d-7599065f382d","4c462699"
"Ocean Shore","6/16/26 5:51 pm","90","Pickup","made","1","042d56bb-5f97-4398-857d-3ce2b0d2b753","1743f5f4"
"Ocean Shore","6/18/26 4:49 pm","81","Pickup","made","1","b80cf57b-210e-44ff-adec-113dbf469ac5","b4131ada"
"Ocean Shore","6/18/26 5:43 pm","114","Pickup","made","1","aae2b353-fcb7-40fd-a04c-a94ed2c74194","d616501f"
"Ocean Shore","6/20/26 5:22 pm","107","Pickup","made","1","ef7b076f-709a-4933-8811-d3af2025c574","f62f9d9a"
"Ocean Shore","6/21/26 3:43 pm","56","Pickup","made","1","1e61661e-7fc1-414b-af40-a04fc4940f86","64fab80d"
"Ocean Shore","6/21/26 4:45 pm","82","Pickup","made","1","8da69bf8-7328-4320-a3e1-70845ece491d","61bee7ba"
"Ocean Shore","6/21/26 6:38 pm","168","Pickup","made","1","7f407e58-e176-493b-b240-7ee1aa0803f4","55cc86f8"
"Ocean Shore","6/22/26 7:40 pm","146","Pickup","made","1","ff1927d7-cdaa-4d90-86dc-40c773404773","87617ee2"
"Ocean Shore","6/25/26 4:17 pm","54","Pickup","made","1","d820530c-7047-40e2-bd66-b67930ec2724","ee0612c5"
"Ocean Shore","6/25/26 7:02 pm","147","Pickup","made","1","dc41ad82-8150-4f41-ac16-8c547ca6e90d","292d9f65"
"Ocean Shore","6/25/26 7:34 pm","160","Pickup","made","1","0560d4f4-3c18-4d95-8182-4cced9e86b20","235eac56"
"Ocean Shore","6/26/26 5:14 pm","109","Pickup","made","1","4f669569-bb62-429a-a7aa-81a18dc84a07","77334e75"
"Uptown","6/27/26 5:11 pm","107","Pickup","made","1","610b4710-3217-44b4-8d08-ae07acc44a32","f16e1170"
"Ocean Shore","6/28/26 12:26 pm","11","Pickup","made","1","f40672fb-bde2-48e7-b0e4-356869e710e8","994d2264"
"Jacksonville","7/4/26 6:54 pm","119","Pickup","made","1","6f837034-2c2a-47bc-b3d2-daed87c25207","6c09b78a"
"Ocean Shore","7/1/26 6:33 pm","129","Pickup","made","1","fdc18b49-8903-4ba4-8fc5-73cae69dfff4","a5c98813"
"Ocean Shore","7/1/26 7:13 pm","162","Pickup","made","1","4b132339-b312-44c6-9688-d9b6fb89a55a","88a80c80"
"Ocean Shore","7/2/26 6:27 pm","141","Pickup","made","1","eadf0aae-faec-4fa0-bf5f-8b448e626e38","41d2f15c"
"Ocean Shore","7/2/26 7:51 pm","11","Pickup","made","1","73a1f34b-5b7e-4c4d-ba24-c332e49c449e","6fe90767"
"Uptown","6/27/26 5:29 pm","125","Pickup","made","1","64984abe-ae9f-4be0-974d-b108afe73985","300ab2b8"
"Ocean Shore","7/3/26 5:30 pm","141","Pickup","made","1","f0bc034e-3d5f-4053-89e7-c625cc75c0a0","19195a0e"
"Ocean Shore","7/4/26 11:16 am","2","Pickup","made","1","7b12280e-219c-4475-8223-8ce1a20273fa","06ceac4e"
"Jacksonville","7/4/26 1:19 pm","19","Pickup","made","1","10f8bdbb-d1ab-4122-aa3b-c85bf9d950b9","f94883b5"
"Uptown","6/27/26 5:48 pm","143","Pickup","made","1","30dabd40-8029-4950-85c4-fdd5383c2813","9ad9723c"
"Ocean Shore","7/8/26 5:26 pm","74","Pickup","made","1","e606969d-a2d5-4bde-9743-1af3ab7e794d","b5deee69"
"Ocean Shore","7/8/26 7:20 pm","121","Pickup","made","1","4606aad0-4033-44e9-9e99-3aa8afaed89f","12ca28b9"
"Ocean Shore","7/9/26 1:59 pm","38","Pickup","made","1","b7b895bd-ed42-4231-b0fd-ce000e286c9f","641f8238"
"Ocean Shore","7/9/26 5:38 pm","102","Pickup","made","1","2ad2f926-3d4c-45fb-a1e0-a7147b4a3588","30a17ddc"
"Ocean Shore","7/9/26 6:22 pm","128","Pickup","made","1","76ba408f-6453-4213-8a84-fd387f837e05","1a49f02a"
"Ocean Shore","7/11/26 4:16 pm","63","Pickup","made","1","16991be9-9afb-4c15-bc55-ed22bd4f137d","0180bab9"
"Ocean Shore","7/12/26 4:10 pm","61","Pickup","made","1","08c5dc55-894e-450d-80f2-48287226e94d","0511f8b5"
"Ormond Beach","6/4/26 11:57 am","14","Pickup","made","1","e292df82-0e83-4599-9c33-3eff982cb980","5d9a6307"
"Ormond Beach","6/4/26 8:01 pm","111","Pickup","made","1","61921b13-e8f0-4ab2-b92e-dc7192c9d972","bbb6cc77"
"Ormond Beach","6/5/26 6:00 pm","127","Pickup","made","1","b91aeb82-daff-4cfb-bb59-4d02b479e5e4","deb59ad0"
"Uptown","6/27/26 6:30 pm","176","Pickup","made","1","0a9947bd-1277-4da2-b1f6-a355ec8f8bfc","c936f9ed"
"Ormond Beach","6/6/26 3:57 pm","57","Pickup","made","1","74c4d9e5-cf36-443e-b6ec-9f213cdb49d4","786bfbb2"
"Ormond Beach","6/8/26 4:25 pm","41","Pickup","made","1","adc30fdc-42db-42ee-87e3-e0b97b4383b7","a6313367"
"Ormond Beach","6/8/26 5:18 pm","63","Pickup","made","1","d9136128-5b6d-4377-a0c4-84b479dffa0f","f863e8b5"
"Ormond Beach","6/9/26 11:01 am","1","Pickup","made","1","f926e8d1-b1d5-4d29-8de0-a55b6e4b33aa","6c18b027"
"Ormond Beach","6/10/26 4:42 pm","64","Pickup","made","1","250aaf2c-7f11-4c21-9955-a277607070fa","ce0a1e90"
"Ormond Beach","6/10/26 4:45 pm","66","Pickup","made","1","83cb5c8a-54ab-4a32-a5ee-e1e758d20a62","184c4351"
"Jacksonville","7/3/26 5:21 pm","70","Pickup","made","1","4e9291b7-270b-4204-8bba-89fdccb6184d","d1e3f7ed"
"Ormond Beach","6/11/26 6:54 pm","93","Pickup","made","1","b63ab45b-62ee-4adc-8e3b-2693dc8bfcf3","4be8703d"
"Uptown","7/12/26 8:21 pm","196","Pickup","made","1","2c7c35cd-4734-4b2c-a24b-6f74549c22dc","ae77fb46"
"Ormond Beach","6/12/26 6:52 pm","134","Pickup","made","1","d1dcfa62-9840-4168-91c2-e8ce6ef022c7","9d79700c"
"Jacksonville","7/2/26 5:48 pm","82","Pickup","made","1","d88e160b-0840-4b19-ae31-169d306b8172","973da3e1"
"Ormond Beach","6/14/26 5:15 pm","80","Pickup","made","1","fccfddec-d540-47cd-b1a8-842e33ad705a","b40f0239"
"Ormond Beach","6/15/26 7:10 pm","124","Pickup","made","1","099baf6e-d079-44b7-b327-ee0993465f21","26563502"
"Ormond Beach","6/17/26 2:24 pm","46","Pickup","made","1","d4201172-3174-40d4-b1b5-2fc360849825","63e7d9dd"
"Ormond Beach","6/18/26 11:31 am","7","Pickup","made","1","215fa1b6-c999-4e4f-a500-93e03e856203","6edc17a2"
"Ormond Beach","6/20/26 7:35 pm","117","Pickup","made","1","53be85d4-f6e3-46d9-b63d-d8b85581e5b1","aa7c4606"
"Ormond Beach","6/21/26 3:32 pm","44","Pickup","made","1","71d62289-89be-426d-93b9-80ebf929edff","53f68f71"
"Ormond Beach","6/22/26 6:47 pm","99","Pickup","made","1","e660aa08-112a-4bd5-ab75-6eed649ac675","d745c90b"
"Ormond Beach","6/24/26 2:49 pm","34","Pickup","made","1","4b1ca901-a6eb-4e73-a1f2-54980401d0c7","df8a8101"
"Ormond Beach","6/27/26 5:25 pm","79","Pickup","made","1","3bf79008-a703-42c1-ba99-573a38d050bc","2e013c8e"
"Ormond Beach","6/27/26 7:12 pm","112","Pickup","made","1","20675252-f2b3-4b0b-b0d9-59a9b2035645","70a9c12a"
"Ormond Beach","6/29/26 6:28 pm","81","Pickup","made","1","60f87ac8-62d6-419d-a272-7905d14cd1d3","5a4a577e"
"Ormond Beach","6/30/26 7:39 pm","102","Pickup","made","1","f7637a1b-7cea-4079-80be-5944bfdecf2d","56509c95"
"Ormond Beach","7/2/26 11:21 am","6","Pickup","made","1","b9c8987f-b19a-43aa-a3ab-1d670d8d7f95","83d4fa24"
"Ormond Beach","7/3/26 11:22 am","7","Pickup","made","1","9f90407d-79f4-43fc-b614-34c700fc90e6","5d1a40f5"
"Ormond Beach","7/4/26 5:18 pm","60","Pickup","made","1","984b5b09-1b21-4ff2-ab6a-dd9e73f08a1d","1ad9ab7e"
"Ormond Beach","7/4/26 8:05 pm","91","Pickup","made","1","a2d5549f-a136-4953-bb22-1514d11d8e28","7ad8e7d8"
"Ormond Beach","7/12/26 2:34 pm","36","Pickup","made","1","f8ee8362-8ae0-4741-838e-b8dbebbc33a3","c3a96f19"
"Ormond Beach","7/13/26 12:50 pm","24","Pickup","made","1","8e50996e-d37e-4436-8042-ac6a4a30d337","11f6ef1a"
"Ormond Beach","7/13/26 5:36 pm","71","Pickup","made","1","c1d9ff48-5a38-4b60-a8ec-a726e39ae7e1","1a3833a5"
"Palencia","6/1/26 11:19 am","2","Pickup","made","1","7bcdb104-6dd4-4030-b9f7-2489aa497f16","d1af571d"
"Palencia","6/3/26 11:00 am","1","Pickup","made","1","5c2b9649-aa82-4290-b39b-0ef8684ca8a1","6f1a2e12"
"Palencia","6/6/26 8:05 pm","114","Pickup","made","1","977018d7-f02a-4215-a86b-da452354677e","6378001b"
"Palencia","6/10/26 7:19 pm","84","Pickup","made","1","db981fc8-e8ae-4230-a661-5ee42ff93835","49eff0b9"
"Palencia","6/11/26 7:14 pm","109","Pickup","made","1","3b8e655e-ec43-4b0c-b653-525e3d9f549a","69017c81"
"Palencia","6/13/26 6:12 pm","92","Pickup","made","1","049825f5-67a9-4c77-8a25-10684125a191","d412e135"
"Palencia","6/17/26 12:24 pm","14","Pickup","made","1","669e0891-662a-4b91-95ee-0ef72cac025f","c555eaa5"
"Uptown","6/28/26 4:39 pm","67","Pickup","made","1","96c6bf7b-79c9-40cc-982e-ddb47b86ae12","5aadb526"
"Palencia","6/19/26 5:31 pm","103","Pickup","made","1","4750b63b-1758-4f44-9538-d3373efc83a7","64e4ff05"
"Uptown","6/28/26 8:02 pm","181","Pickup","made","1","964a8887-f68c-4bec-9fd1-3bce02382e3c","7e8a1e22"
"Palencia","6/26/26 5:18 pm","77","Pickup","made","1","fd7f4c35-4943-42ce-bdbb-9272b8dab891","441c125f"
"Palencia","6/28/26 2:34 pm","23","Pickup","made","1","41412e55-9e69-431d-b454-1a4c36a2f777","eb3ec978"
"Palencia","6/29/26 12:37 pm","13","Pickup","made","1","f5daa3b8-84e3-48f5-8d79-b2d29afba35b","46c62710"
"Palencia","7/1/26 6:00 pm","74","Pickup","made","1","e83ceffd-f97c-438e-9a12-6ec729bb1726","d2ea1f15"
"Palencia","7/3/26 6:20 pm","110","Pickup","made","1","15472ed0-36b6-42b6-a5b6-c8fc54edc98a","079b4c61"
"Palencia","7/4/26 2:15 pm","16","Pickup","made","1","8912c614-35e3-4f96-8e47-ddef2277c142","4af86ebf"
"Palencia","7/5/26 6:30 pm","91","Pickup","made","1","eec4939d-ed68-4069-9fe5-d9fab2c0a7dc","838b3e91"
"Palencia","7/8/26 6:45 pm","95","Pickup","made","1","dc8b2bb4-302a-463c-a85d-fc54f764ca4c","c9e7fe3a"
"Palencia","7/12/26 3:50 pm","34","Pickup","made","1","3d50136b-afdf-45d8-8d8f-7f8f2eba57f8","6f2e1332"
"Palencia","7/13/26 11:27 am","3","Pickup","made","1","bbe451b8-30d0-4eeb-a011-cc2bef84c85c","3a3070d2"
"DaytonaBeach","6/21/26 5:40 pm","81","Pickup","made","1","",""
"Ponte Vedra Beach","6/4/26 5:38 pm","46","Pickup","made","1","24ac005f-df87-45f9-9362-f4d9c035aa93","d7ae7529"
"Ponte Vedra Beach","6/5/26 8:04 pm","159","Pickup","made","1","6b9d7387-7415-4100-9abc-3cc0d077607a","db135c28"
"Ponte Vedra Beach","6/6/26 5:32 pm","52","Pickup","made","1","48a9f7ea-b021-4c34-9d5d-976a33cf9785","dd18d2a5"
"Ponte Vedra Beach","6/7/26 4:15 pm","18","Pickup","made","1","6e9b22a2-1bc1-4b05-88ca-3c1fc135de82","ab6d0557"
"Uptown","6/29/26 11:26 am","6","Pickup","made","1","1b02d0ff-1528-4950-98b1-2b07a845bd7a","0da6dc82"
"Jacksonville","6/30/26 3:34 pm","27","Pickup","made","1","852ee198-befb-47fc-9d3a-c3d300ab9fde","2046f1ba"
"Ponte Vedra Beach","6/15/26 12:37 pm","10","Pickup","made","1","885288c7-d37c-44ba-a723-3279b50ec2fd","de7afa4e"
"Uptown","6/29/26 2:02 pm","21","Pickup","made","1","fc6f6fd1-46d3-4752-9ac4-c5686f85e61b","ab3c2083"
"Ponte Vedra Beach","6/17/26 3:41 pm","30","Pickup","made","1","e97243f9-8a7e-474b-943c-35a7f30e77ac","f28365c7"
"Ponte Vedra Beach","6/19/26 5:55 pm","98","Pickup","made","1","25b847cc-9392-4b0e-ae61-fd3cdd550cdc","f13fd578"
